emp_no,dept_no,from_date,to_date
11178,d001,1985-05-27,1987-01-24
11873,d001,1998-11-14,2000-07-06
11609,d001,2000-02-14,2001-06-05
11501,d001,1991-10-24,2002-03-20
11935,d001,1997-07-20,2000-08-22
11012,d001,1996-07-06,2000-03-16
11525,d001,1988-11-03,1998-09-26
11744,d001,1989-08-23,2000-01-18
11288,d001,1997-06-03,1997-07-28
11852,d001,1994-03-07,1995-01-22
11643,d001,1999-08-01,2001-01-03
11841,d001,1996-04-02,1996-10-24
11414,d001,1989-01-02,1997-10-06
11517,d001,1986-10-09,1991-05-19
11190,d001,1992-03-06,1997-07-31
11427,d001,1994-02-25,1999-08-04
11539,d001,1998-12-25,2002-01-19
11776,d001,1986-11-05,1999-11-01
11483,d001,1995-03-07,1997-02-18
11705,d002,1985-10-30,1990-04-06
11148,d002,1990-02-08,1991-12-12
11164,d002,1987-06-29,1989-12-25
11995,d002,1998-01-19,2002-06-19
11526,d002,1992-02-23,1998-11-28
11677,d002,1991-09-12,1993-04-12
11403,d002,1989-08-03,1993-12-01
11916,d002,1988-07-22,1989-09-13
11710,d002,1998-11-06,2000-05-07
11436,d002,1999-01-14,1999-06-09
11381,d002,1991-08-12,1998-12-26
11061,d002,1993-02-19,1997-01-15
11083,d002,1992-10-04,1998-05-14
11203,d002,1988-01-06,1996-06-15
11006,d002,1989-08-02,1990-09-22
11431,d003,1985-09-16,2001-03-03
11814,d003,1996-06-09,1998-10-24
11705,d003,1990-04-06,1994-06-30
11418,d003,1991-12-30,1999-11-23
11997,d003,1999-02-21,1999-08-06
11544,d003,1993-12-20,1996-10-22
11510,d003,1998-12-29,2001-04-01
11967,d003,1997-08-23,1999-10-02
11481,d003,1987-05-01,2000-01-10
11436,d003,1999-06-09,1999-11-22
11554,d003,1998-07-15,1999-02-21
11588,d003,1994-12-24,1995-06-12
11025,d003,1998-09-07,2000-05-26
11337,d003,1998-02-21,2002-05-11
11145,d004,1999-04-23,1999-05-24
11336,d004,1998-09-01,2001-04-14
11498,d004,1994-01-19,2000-02-25
11750,d004,1995-11-19,2001-03-15
11669,d004,1997-05-12,2001-06-12
11807,d004,1992-07-11,1994-09-16
11369,d004,1997-05-13,1999-12-12
11902,d004,1996-09-22,1999-09-06
11948,d004,1995-05-10,2001-01-25
11724,d004,1995-09-26,2000-05-12
11930,d004,1991-01-14,1992-01-11
11400,d004,1990-04-23,1992-06-05
11494,d004,1991-02-14,1996-12-17
11505,d004,1991-06-11,1996-11-15
11695,d004,1989-04-26,1989-07-17
11209,d004,1999-04-25,2000-02-08
11614,d004,1986-03-08,1997-05-03
11562,d004,1988-06-30,1994-12-13
11572,d004,1985-08-23,1998-04-14
11784,d004,1995-12-07,1997-10-28
11815,d004,1986-04-12,1995-05-03
11932,d004,1990-08-04,1995-10-29
11638,d004,1986-03-30,1996-01-17
11090,d004,1987-05-01,1988-08-20
11821,d004,1995-12-13,2001-10-26
11583,d004,1994-07-08,1994-08-30
11351,d004,1998-11-20,2000-01-30
11432,d004,1987-10-19,1997-09-13
11131,d004,1999-07-14,1999-08-01
11652,d004,1999-07-06,2000-07-07
11461,d004,1986-08-19,1997-07-20
11762,d004,1995-08-04,1996-02-12
11152,d004,1997-07-17,2000-04-13
11195,d004,1991-06-13,1999-05-16
11732,d004,1996-12-22,2002-07-12
11862,d004,1993-01-20,2000-11-22
11327,d004,1990-05-02,1997-05-18
11229,d004,1991-07-26,1993-07-06
11176,d004,1985-06-15,2002-04-04
11793,d004,1996-06-06,2000-04-22
11041,d004,1995-01-24,1998-01-29
11045,d004,1985-08-09,1996-09-29
11409,d004,1998-09-01,1999-08-04
11119,d004,1994-06-21,1995-10-23
11713,d004,1994-10-04,1997-09-05
11847,d004,1996-01-13,1999-05-23
11860,d004,1992-12-04,2002-01-03
11390,d004,1990-12-19,1992-02-26
11297,d004,1991-02-16,1991-02-22
11358,d004,1990-06-02,1998-07-05
11477,d004,1996-07-28,1996-09-12
11004,d004,1992-01-19,2002-06-19
11651,d004,1987-08-09,1996-07-29
11999,d004,1996-07-21,2002-03-16
11052,d004,1991-05-05,1996-03-26
11963,d004,1989-09-17,1997-11-19
11352,d004,1985-11-25,1992-02-10
11069,d004,1990-01-10,1990-09-23
11387,d004,1997-05-11,1997-12-13
11725,d004,1988-09-15,2001-07-16
11870,d004,1990-12-01,1999-02-13
11578,d004,1985-11-22,2002-02-17
11686,d004,1999-05-03,2000-07-22
11788,d004,1986-10-03,1999-02-12
11605,d004,1994-10-08,2000-05-24
11028,d004,1986-06-18,1997-09-04
11738,d004,1986-06-19,1995-06-27
11759,d004,1988-04-30,1996-12-01
11939,d004,1992-08-14,1993-10-29
11330,d004,1992-09-21,1998-05-20
11987,d004,1993-09-14,1997-12-04
11529,d004,1991-11-22,1992-09-13
11626,d004,1987-07-10,1993-07-01
11361,d004,1987-08-03,1997-01-31
11831,d004,1993-07-18,1998-01-27
11110,d004,1988-09-23,1992-03-30
11571,d004,1986-02-15,1992-07-07
11678,d004,1985-02-24,1987-09-20
11257,d005,1992-02-16,1998-12-11
11597,d005,1990-02-01,1998-12-07
11780,d005,1987-09-11,1999-11-10
11230,d005,1999-04-20,1999-11-01
11293,d005,1992-08-08,1998-03-13
11308,d005,1993-02-24,2001-01-09
11620,d005,1985-10-16,1987-06-17
11018,d005,1992-01-26,1996-07-16
11223,d005,1987-07-26,1998-04-09
11199,d005,1989-05-02,1996-01-01
11246,d005,1996-05-25,1998-06-03
11267,d005,1996-04-09,1997-07-29
11465,d005,1985-07-14,1996-05-26
11160,d005,1987-05-07,1991-04-12
11298,d005,1992-02-04,1995-11-08
11649,d005,1992-12-11,2002-06-22
11291,d005,1985-10-20,2001-04-15
11628,d005,1988-10-23,1995-04-23
11913,d005,1985-08-17,1987-09-04
11548,d005,1986-05-16,1990-09-19
11456,d005,1999-03-20,2002-01-24
11156,d005,1998-06-28,1998-07-31
11998,d005,1991-12-16,1998-09-20
11129,d005,1994-08-24,1995-08-16
11138,d005,1996-05-20,1998-12-28
11419,d005,1996-04-13,1998-06-28
11893,d005,1999-10-02,2001-05-07
11011,d005,1991-06-10,1992-10-26
11800,d005,1990-08-08,1994-05-08
11823,d005,1995-10-23,1997-07-02
11082,d005,1998-05-10,2002-03-18
11895,d005,1990-01-29,1998-02-10
11221,d005,1989-08-22,1995-03-13
11978,d005,1991-06-25,1994-04-25
11910,d005,1992-09-12,2002-07-09
11920,d005,1985-12-24,1996-03-29
11702,d005,1988-09-18,1995-09-14
11378,d005,1986-01-03,1988-12-17
11516,d005,1992-12-15,1993-01-15
11950,d005,1987-10-23,2002-06-25
11805,d005,1985-09-01,1991-02-05
11219,d005,1991-01-08,1994-11-19
11300,d005,1992-09-10,1996-12-20
11323,d005,1995-02-13,1997-05-20
11341,d005,1990-12-14,2001-12-22
11157,d005,1985-03-30,1991-02-06
11502,d005,1999-12-04,2002-01-31
11455,d005,1994-08-14,1998-09-13
11169,d005,1987-02-22,1998-08-25
11534,d005,1995-09-25,1997-07-31
11959,d005,1996-07-28,2002-05-06
11187,d005,1990-07-18,1995-03-06
11445,d005,1997-06-11,2001-02-23
11912,d005,1985-11-13,1994-10-06
11970,d005,1993-02-28,1994-09-13
11182,d005,1987-08-31,1994-12-06
11238,d005,1988-09-24,1999-02-14
11364,d005,1999-07-08,2002-04-27
11636,d005,1992-11-16,1998-01-01
11891,d005,1995-02-04,2001-01-06
11928,d005,1995-10-19,2000-05-28
11988,d005,1985-11-03,2001-12-31
11957,d006,1992-04-02,1994-06-17
11446,d006,1991-04-06,2001-11-20
11450,d006,1988-10-06,2000-07-13
11922,d006,1985-11-01,1992-12-19
11054,d006,1986-07-18,1987-09-25
11675,d006,1988-04-02,1994-02-10
11428,d006,1994-07-31,1998-07-04
11883,d006,1988-04-16,1990-10-28
11854,d006,1992-06-30,2001-11-24
11218,d006,1994-04-06,2002-04-19
11474,d006,1993-12-29,1995-09-24
11400,d006,1992-06-05,1992-07-08
11172,d007,1989-06-06,2000-06-20
11389,d007,1992-02-20,1998-04-28
11601,d007,1991-03-07,1993-05-29
11241,d007,1999-01-27,2002-02-27
11882,d007,1991-09-18,2001-01-05
11024,d007,1995-04-05,2001-05-18
11092,d007,1999-04-05,2002-04-25
11271,d007,1987-01-16,1991-11-12
11484,d007,1999-10-06,1999-10-22
11813,d007,1987-03-16,1991-07-20
11060,d007,1991-05-03,1991-09-27
11008,d007,1992-08-25,2002-02-15
11740,d007,1986-09-03,1990-01-19
11237,d007,1986-03-30,1989-04-07
11022,d007,1993-02-02,1993-10-18
11493,d007,1995-07-22,2000-11-13
11344,d007,1990-05-10,1991-12-05
11372,d007,1993-05-14,2000-05-04
11830,d007,1986-07-15,1994-03-13
11964,d007,1998-03-19,1999-06-13
11002,d007,1998-11-21,2001-12-07
11015,d007,1998-03-14,2000-02-22
11747,d007,1986-02-20,1999-01-16
11521,d007,1995-10-17,2000-06-08
11729,d007,1993-07-19,1994-12-30
11904,d007,1997-02-10,1998-05-12
11302,d007,1991-07-01,1993-01-29
11468,d007,1996-03-19,1997-04-07
11557,d007,1998-12-17,2001-09-28
11102,d007,1996-10-25,1997-08-29
11315,d007,2000-01-18,2002-01-17
11797,d007,1988-08-30,1996-09-28
11120,d007,1988-01-22,1996-06-19
11256,d007,1986-09-25,1995-07-14
11723,d007,1992-09-26,1998-05-18
11206,d007,1993-05-07,2000-05-04
11248,d007,1997-02-03,1999-07-19
11552,d007,1994-08-26,1996-11-25
11838,d007,1986-07-11,1991-05-09
11214,d007,1992-05-07,1996-11-21
11288,d007,1997-07-28,1997-09-28
11941,d007,1986-01-31,1994-07-27
11666,d007,1992-04-25,2002-01-14
11659,d007,1994-03-31,1996-08-07
11097,d007,1989-01-28,1992-07-26
11618,d007,1999-04-06,2001-08-13
11708,d007,1992-09-18,1996-07-28
11717,d007,1990-09-10,1994-04-08
11609,d007,2000-01-12,2000-02-14
11030,d007,1988-05-09,1988-07-08
11129,d008,1995-08-16,1995-12-02
11582,d008,1995-07-17,1998-12-13
11257,d008,1990-07-13,1992-02-16
11564,d008,1989-10-12,1998-04-22
11138,d008,1998-12-28,2000-03-06
11769,d008,1993-10-22,1999-04-18
11827,d008,1995-07-13,2000-07-18
11317,d008,1995-09-08,1998-07-04
11630,d008,1999-06-03,1999-08-24
11156,d008,1995-09-07,1998-06-28
11114,d008,1993-02-13,1999-06-22
11281,d008,1988-02-03,1999-02-23
11591,d008,1986-01-07,1987-10-18
11039,d008,1993-07-10,1998-07-13
11516,d008,1992-07-26,1992-12-15
11126,d008,1992-02-25,2002-04-04
11277,d008,1995-07-19,2000-09-15
11409,d009,1997-12-28,1998-09-01
11771,d009,1988-11-22,1996-04-10
11987,d009,1988-10-17,1993-09-14
11280,d009,1989-08-07,1998-04-14
11879,d009,1987-12-10,2001-02-18
11032,d009,1994-06-06,2000-12-15
11072,d009,1994-08-04,1997-01-15
11399,d009,1999-07-20,2001-12-27
11686,d009,1995-04-21,1999-05-03
11335,d009,1991-10-08,1994-07-25
11052,d009,1988-11-11,1991-05-05
11714,d009,1997-09-26,1997-12-17
11342,d009,1998-02-03,2000-03-19
11463,d009,1994-01-26,1995-10-19
11308,d009,1988-05-31,1993-02-24
11695,d009,1989-07-17,1990-04-21
11865,d009,1998-02-07,1998-05-04
11077,d009,1998-04-30,1998-10-11
11659,d009,1996-08-07,2001-07-30
11877,d009,1995-09-17,1999-06-09
11938,d009,1994-07-15,2001-10-19
11650,d009,1996-12-05,1999-04-01
11102,d009,1997-08-29,2001-08-18
11224,d009,1988-05-01,1998-10-05
11977,d009,1991-06-14,1991-10-18
11534,d009,1991-09-21,1995-09-25
11755,d009,1990-12-05,2002-01-08
11110,d009,1987-11-14,1988-09-23
11265,d009,1990-02-27,1996-03-20
11320,d001,1990-04-06,9999-01-01
11684,d001,1986-02-21,9999-01-01
11797,d001,1996-09-28,9999-01-01
11833,d001,1999-07-15,9999-01-01
11522,d001,1999-08-04,9999-01-01
11311,d001,1994-12-15,9999-01-01
11726,d001,1990-05-29,9999-01-01
11172,d001,2000-06-20,9999-01-01
11313,d001,1986-02-28,9999-01-01
11287,d001,1987-08-12,9999-01-01
11418,d001,1999-11-23,9999-01-01
11520,d001,1991-11-20,9999-01-01
11527,d001,1999-01-28,9999-01-01
11994,d001,1993-11-11,9999-01-01
11123,d001,1988-03-28,9999-01-01
11853,d001,1988-11-17,9999-01-01
11489,d001,1991-03-24,9999-01-01
11925,d001,1998-10-25,9999-01-01
11972,d001,1994-04-25,9999-01-01
11251,d001,1986-06-15,9999-01-01
11576,d001,1992-11-12,9999-01-01
11595,d001,1992-09-08,9999-01-01
11602,d001,1993-06-21,9999-01-01
11786,d001,1996-02-28,9999-01-01
11953,d001,1996-03-21,9999-01-01
11901,d001,1992-08-01,9999-01-01
11476,d001,1994-01-15,9999-01-01
11435,d001,1986-10-15,9999-01-01
11667,d001,1990-09-08,9999-01-01
11752,d001,1992-11-10,9999-01-01
11882,d001,2001-01-05,9999-01-01
11113,d001,1985-11-30,9999-01-01
11375,d001,1985-05-27,9999-01-01
11092,d001,2002-04-25,9999-01-01
11740,d001,1990-01-19,9999-01-01
11357,d001,1996-10-28,9999-01-01
11035,d001,1998-07-26,9999-01-01
11262,d001,1994-04-30,9999-01-01
11570,d001,1988-10-07,9999-01-01
11618,d001,2001-08-13,9999-01-01
11656,d001,1999-01-25,9999-01-01
11389,d001,1998-04-28,9999-01-01
11554,d001,1999-02-21,9999-01-01
11872,d001,1994-02-12,9999-01-01
11050,d001,1986-05-06,9999-01-01
11904,d001,1998-05-12,9999-01-01
11191,d001,1991-12-14,9999-01-01
11031,d001,1985-10-24,9999-01-01
11727,d001,1992-03-07,9999-01-01
11888,d001,1994-11-28,9999-01-01
11122,d002,1995-10-15,9999-01-01
11283,d002,1987-06-30,9999-01-01
11798,d002,1987-12-10,9999-01-01
11974,d002,1989-07-23,9999-01-01
11858,d002,1996-08-15,9999-01-01
11046,d002,1994-01-21,9999-01-01
11956,d002,1991-08-15,9999-01-01
11153,d002,1997-06-17,9999-01-01
11796,d002,1989-01-23,9999-01-01
11937,d002,1996-04-19,9999-01-01
11553,d002,1996-11-30,9999-01-01
11741,d002,1989-02-04,9999-01-01
11923,d002,1994-09-28,9999-01-01
11479,d002,1999-02-10,9999-01-01
11426,d002,1996-10-13,9999-01-01
11367,d002,1999-11-04,9999-01-01
11544,d002,1996-10-22,9999-01-01
11816,d002,1991-08-05,9999-01-01
11285,d002,1999-11-23,9999-01-01
11958,d002,1991-10-13,9999-01-01
11812,d002,1987-09-30,9999-01-01
11081,d002,1985-06-17,9999-01-01
11398,d002,1994-09-07,9999-01-01
11066,d002,1996-04-30,9999-01-01
11689,d002,1989-11-08,9999-01-01
11010,d002,1986-12-18,9999-01-01
11354,d002,1987-06-23,9999-01-01
11392,d002,1999-04-21,9999-01-01
11967,d002,1999-10-02,9999-01-01
11422,d002,1990-12-04,9999-01-01
11309,d002,1999-01-26,9999-01-01
11513,d002,1992-08-25,9999-01-01
11603,d002,1985-04-13,9999-01-01
11761,d002,1991-06-12,9999-01-01
11036,d002,1988-10-24,9999-01-01
11273,d002,1987-10-07,9999-01-01
11295,d002,1985-05-15,9999-01-01
11346,d002,1992-06-11,9999-01-01
11363,d002,1986-03-16,9999-01-01
11475,d002,1998-09-14,9999-01-01
11596,d002,1995-11-23,9999-01-01
11040,d003,1988-01-22,9999-01-01
11670,d003,1985-05-17,9999-01-01
11420,d003,1992-01-31,9999-01-01
11907,d003,1992-02-27,9999-01-01
11555,d003,1986-10-14,9999-01-01
11690,d003,1997-09-23,9999-01-01
11518,d003,1994-09-22,9999-01-01
11467,d003,1993-06-16,9999-01-01
11694,d003,1989-03-31,9999-01-01
11918,d003,1987-03-19,9999-01-01
11118,d003,1992-11-10,9999-01-01
11130,d003,1997-02-17,9999-01-01
11227,d003,1985-03-08,9999-01-01
11459,d003,1986-05-03,9999-01-01
11905,d003,1989-05-12,9999-01-01
11108,d003,1992-06-12,9999-01-01
11348,d003,1991-10-02,9999-01-01
11734,d003,1998-08-09,9999-01-01
11457,d003,1991-02-10,9999-01-01
11171,d003,1992-10-04,9999-01-01
11542,d003,1985-06-20,9999-01-01
11063,d003,1996-01-09,9999-01-01
11777,d003,1994-06-21,9999-01-01
11993,d003,1996-10-22,9999-01-01
11083,d003,1998-05-14,9999-01-01
11331,d003,1987-03-03,9999-01-01
11193,d003,1998-01-28,9999-01-01
11202,d003,1996-02-26,9999-01-01
11682,d003,1986-11-27,9999-01-01
11945,d003,1994-01-21,9999-01-01
11210,d003,1989-08-25,9999-01-01
11166,d003,1998-01-30,9999-01-01
11247,d003,1993-10-11,9999-01-01
11231,d003,1988-04-07,9999-01-01
11279,d003,1991-02-05,9999-01-01
11383,d003,1999-11-26,9999-01-01
11014,d003,1994-08-23,9999-01-01
11148,d003,1991-12-12,9999-01-01
11301,d003,1989-05-23,9999-01-01
11765,d003,1991-07-04,9999-01-01
11979,d003,1998-06-07,9999-01-01
11416,d003,1987-09-21,9999-01-01
11173,d004,1998-05-21,9999-01-01
11225,d004,1996-10-17,9999-01-01
11242,d004,1995-05-07,9999-01-01
11362,d004,1987-10-29,9999-01-01
11846,d004,1994-06-22,9999-01-01
11128,d004,1988-10-04,9999-01-01
11228,d004,1993-04-15,9999-01-01
11234,d004,1990-08-21,9999-01-01
11971,d004,1987-11-11,9999-01-01
11096,d004,1994-06-08,9999-01-01
11540,d004,1997-07-02,9999-01-01
11780,d004,1999-11-10,9999-01-01
11087,d004,1998-03-18,9999-01-01
11312,d004,1994-01-23,9999-01-01
11471,d004,1997-04-05,9999-01-01
11245,d004,1994-11-25,9999-01-01
11444,d004,1992-01-01,9999-01-01
11532,d004,1991-12-01,9999-01-01
11921,d004,1986-03-04,9999-01-01
11296,d004,1989-09-26,9999-01-01
11388,d004,1985-12-20,9999-01-01
11627,d004,1998-10-31,9999-01-01
11299,d004,1989-11-24,9999-01-01
11447,d004,1985-09-18,9999-01-01
11829,d004,1999-10-11,9999-01-01
11324,d004,1985-08-29,9999-01-01
11188,d004,1987-04-23,9999-01-01
11610,d004,1985-10-18,9999-01-01
11182,d004,1994-12-06,9999-01-01
11764,d004,1991-12-16,9999-01-01
11199,d004,1996-01-01,9999-01-01
11965,d004,1993-10-07,9999-01-01
11356,d004,1988-12-04,9999-01-01
11580,d004,1985-07-06,9999-01-01
11687,d004,1992-03-22,9999-01-01
11691,d004,1989-04-04,9999-01-01
11835,d004,1992-01-15,9999-01-01
11878,d004,1990-03-20,9999-01-01
11903,d004,1990-12-09,9999-01-01
11938,d004,2001-10-19,9999-01-01
11623,d004,1990-03-05,9999-01-01
11926,d004,1998-09-18,9999-01-01
11393,d004,1985-04-30,9999-01-01
11456,d004,2002-01-24,9999-01-01
11508,d004,1988-04-12,9999-01-01
11599,d004,1995-10-19,9999-01-01
11787,d004,1990-01-10,9999-01-01
11298,d004,1995-11-08,9999-01-01
11462,d004,1998-06-25,9999-01-01
11507,d004,1999-09-26,9999-01-01
11558,d004,1996-09-18,9999-01-01
11839,d004,1990-12-14,9999-01-01
11856,d004,1989-05-23,9999-01-01
11075,d004,1998-05-06,9999-01-01
11492,d004,1994-05-22,9999-01-01
11701,d004,1997-08-09,9999-01-01
11900,d004,1990-05-26,9999-01-01
11949,d004,1985-03-11,9999-01-01
11992,d004,1991-09-22,9999-01-01
11067,d004,1992-02-23,9999-01-01
11111,d004,1994-12-25,9999-01-01
11415,d004,1996-12-07,9999-01-01
11591,d004,1987-10-18,9999-01-01
11699,d004,1994-01-20,9999-01-01
11942,d004,1985-04-06,9999-01-01
11514,d004,1990-05-14,9999-01-01
11608,d004,1987-04-19,9999-01-01
11709,d004,1985-11-09,9999-01-01
11051,d004,1991-03-27,9999-01-01
11064,d004,1990-02-28,9999-01-01
11246,d004,1998-06-03,9999-01-01
11582,d004,1998-12-13,9999-01-01
11132,d004,1994-08-30,9999-01-01
11453,d004,1990-07-13,9999-01-01
11549,d004,1999-03-07,9999-01-01
11673,d004,1989-06-10,9999-01-01
11912,d004,1994-10-06,9999-01-01
11464,d004,1992-05-30,9999-01-01
11683,d004,1996-01-21,9999-01-01
11174,d004,1999-06-07,9999-01-01
11528,d004,1987-06-15,9999-01-01
11531,d004,1992-11-04,9999-01-01
11217,d004,1990-03-11,9999-01-01
11460,d004,1992-05-28,9999-01-01
11704,d004,1999-04-04,9999-01-01
11778,d004,1992-12-28,9999-01-01
11115,d004,1999-01-13,9999-01-01
11236,d004,1995-03-23,9999-01-01
11062,d004,1990-10-18,9999-01-01
11216,d004,1999-05-03,9999-01-01
11349,d004,1992-06-27,9999-01-01
11722,d004,1997-12-18,9999-01-01
11917,d004,1997-03-08,9999-01-01
11998,d004,1998-09-20,9999-01-01
11072,d004,1997-01-15,9999-01-01
11550,d004,1997-12-16,9999-01-01
11681,d004,1988-08-27,9999-01-01
11355,d004,1999-11-30,9999-01-01
11065,d004,1985-11-14,9999-01-01
11204,d004,1985-09-18,9999-01-01
11439,d004,1997-05-23,9999-01-01
11449,d004,1995-02-03,9999-01-01
11496,d004,1992-07-09,9999-01-01
11186,d004,1994-12-10,9999-01-01
11261,d004,1987-12-06,9999-01-01
11340,d004,1991-09-11,9999-01-01
11782,d004,1991-02-01,9999-01-01
11919,d004,1990-10-28,9999-01-01
11037,d004,1988-01-28,9999-01-01
11084,d004,1990-05-31,9999-01-01
11213,d004,1999-02-04,9999-01-01
11385,d004,1999-08-08,9999-01-01
11644,d004,1995-08-09,9999-01-01
11867,d004,1996-12-05,9999-01-01
11875,d004,1992-07-25,9999-01-01
11924,d004,1997-01-09,9999-01-01
11657,d004,1989-03-19,9999-01-01
11845,d004,1991-07-23,9999-01-01
11026,d004,1991-11-08,9999-01-01
11645,d004,1985-06-10,9999-01-01
11053,d004,1995-10-29,9999-01-01
11982,d004,1985-12-17,9999-01-01
11167,d004,1990-01-10,9999-01-01
11235,d004,1998-11-09,9999-01-01
11117,d004,1994-08-22,9999-01-01
11165,d004,1995-04-30,9999-01-01
11250,d004,1994-07-08,9999-01-01
11263,d004,1989-08-15,9999-01-01
11485,d004,1993-10-12,9999-01-01
11676,d004,1998-07-15,9999-01-01
11985,d004,1985-12-18,9999-01-01
11105,d004,1990-01-13,9999-01-01
11511,d004,1997-05-28,9999-01-01
11600,d004,1995-08-14,9999-01-01
11826,d004,1988-07-06,9999-01-01
11391,d004,1994-10-14,9999-01-01
11543,d004,1987-04-01,9999-01-01
11692,d004,1989-04-20,9999-01-01
11976,d004,1986-10-08,9999-01-01
11154,d004,1997-05-18,9999-01-01
11161,d004,1988-05-31,9999-01-01
11339,d004,1989-12-19,9999-01-01
11566,d004,1995-01-09,9999-01-01
11952,d004,1995-12-19,9999-01-01
11127,d004,1996-06-14,9999-01-01
11158,d004,1996-04-20,9999-01-01
11268,d004,1987-10-25,9999-01-01
11451,d004,1990-05-20,9999-01-01
11474,d004,1995-09-24,9999-01-01
11487,d004,1997-10-14,9999-01-01
11536,d004,1991-09-06,9999-01-01
11768,d004,1991-04-25,9999-01-01
11803,d004,1997-09-25,9999-01-01
11855,d004,1992-07-20,9999-01-01
11896,d004,1990-07-04,9999-01-01
11928,d004,2000-05-28,9999-01-01
11469,d004,1994-09-08,9999-01-01
11538,d004,1987-03-24,9999-01-01
11564,d004,1998-04-22,9999-01-01
11085,d004,1996-02-10,9999-01-01
11091,d004,1999-09-11,9999-01-01
11208,d004,1994-11-17,9999-01-01
11365,d004,1997-12-18,9999-01-01
11607,d004,1995-04-19,9999-01-01
11685,d004,1999-07-01,9999-01-01
11736,d004,1994-03-07,9999-01-01
11989,d004,1989-01-07,9999-01-01
11027,d004,1986-05-07,9999-01-01
11243,d004,2000-01-20,9999-01-01
11421,d004,1986-09-02,9999-01-01
11661,d004,1995-08-24,9999-01-01
11898,d004,1996-12-01,9999-01-01
11915,d004,1992-06-28,9999-01-01
11466,d004,1989-07-02,9999-01-01
11760,d004,1985-09-15,9999-01-01
11848,d004,1996-12-01,9999-01-01
11886,d004,1994-10-02,9999-01-01
11211,d004,1985-09-17,9999-01-01
11616,d004,1993-12-30,9999-01-01
11869,d004,1996-08-12,9999-01-01
11899,d004,1996-01-19,9999-01-01
11977,d004,1991-10-18,9999-01-01
11624,d004,1989-07-15,9999-01-01
11774,d004,1998-11-26,9999-01-01
11893,d004,2001-05-07,9999-01-01
11013,d005,1999-12-03,9999-01-01
11125,d005,1995-08-10,9999-01-01
11316,d005,1997-07-18,9999-01-01
11810,d005,1992-01-05,9999-01-01
11871,d005,1993-10-13,9999-01-01
11059,d005,1986-11-17,9999-01-01
11350,d005,1985-07-21,9999-01-01
11983,d005,1986-10-11,9999-01-01
11162,d005,1985-03-28,9999-01-01
11370,d005,1989-08-22,9999-01-01
11804,d005,1986-09-16,9999-01-01
11635,d005,1989-10-13,9999-01-01
11088,d005,1993-04-09,9999-01-01
11277,d005,2000-09-15,9999-01-01
11440,d005,1994-03-03,9999-01-01
11491,d005,1988-11-08,9999-01-01
11658,d005,1994-10-20,9999-01-01
11756,d005,1999-11-26,9999-01-01
11568,d005,1992-03-13,9999-01-01
11585,d005,1994-10-13,9999-01-01
11101,d005,1999-05-30,9999-01-01
11264,d005,1986-10-09,9999-01-01
11290,d005,1999-05-13,9999-01-01
11347,d005,1986-04-20,9999-01-01
11473,d005,1993-07-02,9999-01-01
11565,d005,1988-02-03,9999-01-01
11861,d005,1990-05-28,9999-01-01
11984,d005,1997-05-22,9999-01-01
11016,d005,1988-08-10,9999-01-01
11078,d005,1994-06-05,9999-01-01
11121,d005,1992-10-31,9999-01-01
11325,d005,1999-01-10,9999-01-01
11512,d005,1987-09-01,9999-01-01
11523,d005,1992-12-23,9999-01-01
11885,d005,1997-01-12,9999-01-01
11073,d005,1992-10-22,9999-01-01
11170,d005,1990-06-20,9999-01-01
11335,d005,1994-07-25,9999-01-01
11404,d005,1990-09-25,9999-01-01
11646,d005,1999-12-15,9999-01-01
11955,d005,1995-04-25,9999-01-01
11951,d005,1989-10-14,9999-01-01
11141,d005,1993-02-12,9999-01-01
11183,d005,1990-12-28,9999-01-01
11200,d005,1995-04-08,9999-01-01
11551,d005,1986-05-09,9999-01-01
11766,d005,1987-10-27,9999-01-01
11968,d005,1995-08-08,9999-01-01
11093,d005,1992-03-27,9999-01-01
11140,d005,1998-05-06,9999-01-01
11143,d005,1996-05-09,9999-01-01
11863,d005,1988-12-16,9999-01-01
11017,d005,1996-07-08,9999-01-01
11071,d005,1992-05-23,9999-01-01
11275,d005,1989-04-25,9999-01-01
11098,d005,1997-01-08,9999-01-01
11809,d005,1987-03-02,9999-01-01
11642,d005,1998-04-18,9999-01-01
11770,d005,1992-11-29,9999-01-01
11887,d005,1998-03-31,9999-01-01
11943,d005,1992-01-26,9999-01-01
11151,d005,1987-06-16,9999-01-01
11180,d005,1986-06-11,9999-01-01
11343,d005,1989-02-27,9999-01-01
11613,d005,1998-05-30,9999-01-01
11655,d005,1991-09-23,9999-01-01
11911,d005,1990-06-05,9999-01-01
11177,d005,1999-09-11,9999-01-01
11181,d005,1997-11-03,9999-01-01
11326,d005,1990-02-19,9999-01-01
11653,d005,1993-02-26,9999-01-01
11707,d005,1994-04-07,9999-01-01
11996,d005,1994-01-21,9999-01-01
11368,d005,1992-01-06,9999-01-01
11379,d005,1994-06-24,9999-01-01
11433,d005,1994-09-27,9999-01-01
11929,d005,1989-04-12,9999-01-01
11990,d005,1988-09-05,9999-01-01
11032,d005,2000-12-15,9999-01-01
11749,d005,1997-07-02,9999-01-01
11832,d005,1996-02-04,9999-01-01
11940,d005,1996-11-02,9999-01-01
11033,d005,1991-03-14,9999-01-01
11207,d005,1999-01-31,9999-01-01
11503,d005,1997-04-09,9999-01-01
11767,d005,1986-12-19,9999-01-01
11837,d005,1990-06-15,9999-01-01
11975,d005,1991-03-24,9999-01-01
11007,d005,1996-10-15,9999-01-01
11380,d005,1991-04-19,9999-01-01
11587,d005,1989-04-24,9999-01-01
11589,d005,1994-05-06,9999-01-01
11175,d005,1996-11-29,9999-01-01
11292,d005,1989-02-11,9999-01-01
11397,d005,1992-12-12,9999-01-01
11625,d005,1996-04-19,9999-01-01
11194,d005,1987-10-25,9999-01-01
11794,d005,1992-09-04,9999-01-01
11802,d005,1988-04-12,9999-01-01
11137,d005,1995-03-16,9999-01-01
11524,d005,1996-07-05,9999-01-01
11792,d005,1987-05-29,9999-01-01
11808,d005,1986-05-17,9999-01-01
11005,d005,1989-07-27,9999-01-01
11255,d005,1997-01-07,9999-01-01
11319,d005,1998-11-01,9999-01-01
11371,d005,1988-12-25,9999-01-01
11575,d005,1994-06-01,9999-01-01
11000,d005,1996-01-28,9999-01-01
11345,d005,1998-11-25,9999-01-01
11640,d005,1988-09-26,9999-01-01
11772,d005,1999-11-07,9999-01-01
11332,d005,1989-09-27,9999-01-01
11641,d005,1991-06-18,9999-01-01
11716,d005,1989-05-09,9999-01-01
11957,d005,1994-06-17,9999-01-01
11584,d005,1985-06-20,9999-01-01
11719,d005,1996-01-20,9999-01-01
11748,d005,1996-07-24,9999-01-01
11003,d005,1987-05-24,9999-01-01
11076,d005,1999-09-17,9999-01-01
11104,d005,1993-09-20,9999-01-01
11795,d005,1992-03-24,9999-01-01
11824,d005,1993-10-09,9999-01-01
11934,d005,1994-03-09,9999-01-01
11252,d005,1992-07-31,9999-01-01
11303,d005,1986-11-05,9999-01-01
11573,d005,1990-02-04,9999-01-01
11634,d005,2000-01-01,9999-01-01
11806,d005,1996-04-02,9999-01-01
11382,d005,1991-06-04,9999-01-01
11405,d005,1993-04-14,9999-01-01
11425,d005,1990-08-27,9999-01-01
11500,d005,1991-05-07,9999-01-01
11569,d005,1988-11-23,9999-01-01
11639,d005,1987-02-18,9999-01-01
11844,d005,1988-01-27,9999-01-01
11889,d005,1996-12-25,9999-01-01
11906,d005,1999-02-07,9999-01-01
11581,d005,1992-11-13,9999-01-01
11637,d005,1999-01-28,9999-01-01
11647,d005,1988-05-11,9999-01-01
11743,d005,1999-06-18,9999-01-01
11894,d005,1988-06-22,9999-01-01
11001,d005,1987-02-23,9999-01-01
11042,d005,1993-06-21,9999-01-01
11448,d005,1995-08-26,9999-01-01
11598,d005,1994-04-02,9999-01-01
11679,d005,1991-01-02,9999-01-01
11790,d005,1988-03-09,9999-01-01
11043,d005,1993-06-25,9999-01-01
11103,d005,1989-03-15,9999-01-01
11763,d005,1997-04-18,9999-01-01
11019,d005,1992-05-24,9999-01-01
11142,d005,1993-11-04,9999-01-01
11249,d005,1986-09-22,9999-01-01
11410,d005,1999-10-25,9999-01-01
11590,d005,1997-06-26,9999-01-01
11693,d005,1991-08-24,9999-01-01
11775,d005,1988-11-15,9999-01-01
11233,d005,1991-12-14,9999-01-01
11240,d005,1989-01-06,9999-01-01
11438,d005,1997-08-30,9999-01-01
11136,d005,1990-12-06,9999-01-01
11333,d005,1988-02-14,9999-01-01
11981,d005,1990-09-14,9999-01-01
11106,d005,1985-08-31,9999-01-01
11289,d005,1989-02-22,9999-01-01
11304,d005,1991-09-10,9999-01-01
11446,d005,2001-11-20,9999-01-01
11317,d005,1998-07-04,9999-01-01
11366,d005,1993-02-09,9999-01-01
11509,d005,1987-11-12,9999-01-01
11604,d005,1990-12-11,9999-01-01
11818,d005,1987-08-14,9999-01-01
11820,d005,1993-06-20,9999-01-01
11470,d005,1999-08-10,9999-01-01
11769,d005,1999-04-18,9999-01-01
11954,d005,1997-05-08,9999-01-01
11396,d005,1997-02-04,9999-01-01
11592,d005,1998-03-10,9999-01-01
11757,d005,1987-04-07,9999-01-01
11799,d005,1996-03-06,9999-01-01
11876,d005,1991-06-08,9999-01-01
11933,d005,1987-06-13,9999-01-01
11196,d005,1992-11-17,9999-01-01
11533,d005,1991-08-20,9999-01-01
11791,d005,1994-11-15,9999-01-01
11633,d005,1994-09-28,9999-01-01
11834,d005,1995-02-05,9999-01-01
11079,d005,1994-05-26,9999-01-01
11253,d005,1992-05-22,9999-01-01
11733,d005,1992-01-12,9999-01-01
11020,d005,1988-03-25,9999-01-01
11147,d005,1997-12-04,9999-01-01
11294,d005,1989-06-13,9999-01-01
11711,d005,1990-06-15,9999-01-01
11721,d005,1990-11-30,9999-01-01
11758,d005,1999-03-18,9999-01-01
11612,d005,1990-12-10,9999-01-01
11697,d005,1999-12-10,9999-01-01
11825,d006,1987-05-02,9999-01-01
11080,d006,1988-07-04,9999-01-01
11843,d006,1998-02-20,9999-01-01
11862,d006,2000-11-22,9999-01-01
11559,d006,1990-12-17,9999-01-01
11215,d006,1992-10-17,9999-01-01
11454,d006,1998-07-12,9999-01-01
11070,d006,1985-07-24,9999-01-01
11116,d006,1992-10-23,9999-01-01
11133,d006,1994-03-06,9999-01-01
11004,d006,2002-06-19,9999-01-01
11819,d006,1987-07-07,9999-01-01
11504,d006,1990-09-30,9999-01-01
11134,d006,1993-05-19,9999-01-01
11229,d006,1993-07-06,9999-01-01
11284,d006,1985-04-25,9999-01-01
11497,d006,1999-12-09,9999-01-01
11322,d006,1985-07-07,9999-01-01
11179,d006,1994-06-02,9999-01-01
11665,d006,1994-12-03,9999-01-01
11545,d006,1986-09-19,9999-01-01
11638,d006,1996-01-17,9999-01-01
11713,d006,1997-09-05,9999-01-01
11944,d006,1994-12-01,9999-01-01
11739,d006,1993-03-20,9999-01-01
11417,d006,1992-12-21,9999-01-01
11386,d006,1987-11-30,9999-01-01
11914,d006,1988-06-02,9999-01-01
11321,d006,1996-04-05,9999-01-01
11107,d006,1999-09-09,9999-01-01
11192,d006,1998-04-07,9999-01-01
11574,d006,1999-02-23,9999-01-01
11374,d006,1997-07-19,9999-01-01
11866,d006,1993-11-12,9999-01-01
11266,d006,1997-05-12,9999-01-01
11577,d006,1992-09-23,9999-01-01
11593,d006,1999-03-09,9999-01-01
11622,d006,1992-05-11,9999-01-01
11442,d006,1987-06-22,9999-01-01
11041,d006,1998-01-29,9999-01-01
11369,d006,1999-12-12,9999-01-01
11759,d006,1996-12-01,9999-01-01
11783,d006,1994-07-14,9999-01-01
11488,d006,1987-08-25,9999-01-01
11505,d006,1996-11-15,9999-01-01
11654,d006,1996-01-16,9999-01-01
11678,d006,1987-09-20,9999-01-01
11868,d006,1995-04-03,9999-01-01
11737,d006,1995-07-11,9999-01-01
11159,d007,1992-05-12,9999-01-01
11318,d007,1986-01-25,9999-01-01
11535,d007,1999-05-26,9999-01-01
11579,d007,1997-05-25,9999-01-01
11664,d007,1990-09-07,9999-01-01
11811,d007,1992-03-28,9999-01-01
11061,d007,1997-01-15,9999-01-01
11698,d007,1997-07-31,9999-01-01
11057,d007,1996-07-12,9999-01-01
11150,d007,1989-05-01,9999-01-01
11338,d007,1998-10-28,9999-01-01
11472,d007,1990-04-30,9999-01-01
11730,d007,1997-11-13,9999-01-01
11947,d007,1995-10-24,9999-01-01
11310,d007,1995-10-02,9999-01-01
11334,d007,1999-10-08,9999-01-01
11556,d007,1994-06-22,9999-01-01
11594,d007,1994-12-04,9999-01-01
11859,d007,1998-07-28,9999-01-01
11980,d007,1998-02-18,9999-01-01
11254,d007,1998-12-19,9999-01-01
11927,d007,1986-04-26,9999-01-01
11715,d007,1998-02-21,9999-01-01
11817,d007,1986-04-12,9999-01-01
11537,d007,1986-07-06,9999-01-01
11753,d007,1991-05-01,9999-01-01
11801,d007,1992-06-12,9999-01-01
11212,d007,1985-10-16,9999-01-01
11486,d007,1985-05-31,9999-01-01
11966,d007,1987-01-20,9999-01-01
11663,d007,1987-09-11,9999-01-01
11852,d007,1995-01-22,9999-01-01
11239,d007,1987-09-08,9999-01-01
11412,d007,1996-02-02,9999-01-01
11547,d007,1991-01-18,9999-01-01
11048,d007,1999-05-27,9999-01-01
11056,d007,1997-07-01,9999-01-01
11163,d007,1993-02-24,9999-01-01
11353,d007,1987-11-09,9999-01-01
11530,d007,1992-08-30,9999-01-01
11619,d007,1998-06-14,9999-01-01
11890,d007,1990-02-09,9999-01-01
11205,d007,1995-11-09,9999-01-01
11286,d007,1988-02-16,9999-01-01
11506,d007,1996-04-08,9999-01-01
11478,d007,1999-09-10,9999-01-01
11359,d007,1989-08-14,9999-01-01
11874,d007,1996-06-10,9999-01-01
11023,d007,1990-06-12,9999-01-01
11055,d007,1998-03-08,9999-01-01
11089,d007,1994-08-13,9999-01-01
11586,d007,1997-09-09,9999-01-01
11881,d007,1990-04-08,9999-01-01
11480,d007,1995-11-28,9999-01-01
11611,d007,1995-02-27,9999-01-01
11672,d007,1989-07-29,9999-01-01
11850,d007,1991-02-10,9999-01-01
11086,d007,1996-01-19,9999-01-01
11688,d007,1994-10-29,9999-01-01
11009,d007,1986-09-09,9999-01-01
11706,d007,1999-03-24,9999-01-01
11781,d007,1997-12-04,9999-01-01
11785,d007,1995-07-03,9999-01-01
11936,d007,1994-11-21,9999-01-01
11044,d007,1994-10-19,9999-01-01
11306,d007,1996-11-20,9999-01-01
11621,d007,1986-11-17,9999-01-01
11680,d007,1994-10-05,9999-01-01
11099,d007,1985-12-31,9999-01-01
11109,d007,1985-03-29,9999-01-01
11149,d007,1987-08-26,9999-01-01
11401,d007,1995-04-15,9999-01-01
11828,d007,1985-06-12,9999-01-01
11962,d007,1988-10-30,9999-01-01
11282,d007,1997-06-09,9999-01-01
11495,d007,1989-09-13,9999-01-01
11660,d007,1986-11-22,9999-01-01
11840,d007,1986-12-21,9999-01-01
11190,d007,1997-07-31,9999-01-01
11483,d007,1997-02-18,9999-01-01
11615,d007,1991-08-29,9999-01-01
11222,d007,1998-04-03,9999-01-01
11632,d007,1999-09-19,9999-01-01
11857,d007,1986-08-27,9999-01-01
11880,d007,1993-01-31,9999-01-01
11884,d007,1998-06-18,9999-01-01
11671,d007,1986-12-31,9999-01-01
11873,d007,2000-07-06,9999-01-01
11482,d007,1991-04-03,9999-01-01
11519,d007,1997-06-12,9999-01-01
11662,d007,1991-02-16,9999-01-01
11773,d007,1990-05-29,9999-01-01
11146,d007,1991-08-22,9999-01-01
11189,d007,1991-09-07,9999-01-01
11307,d007,1995-04-30,9999-01-01
11441,d007,1987-03-27,9999-01-01
11269,d007,1997-05-30,9999-01-01
11272,d007,1998-11-25,9999-01-01
11360,d007,1989-01-12,9999-01-01
11402,d007,1985-03-10,9999-01-01
11546,d007,1987-06-30,9999-01-01
11720,d007,1992-08-19,9999-01-01
11164,d007,1989-12-25,9999-01-01
11168,d007,1996-07-15,9999-01-01
11567,d007,1988-02-03,9999-01-01
11049,d007,1995-05-12,9999-01-01
11728,d007,1989-12-12,9999-01-01
11908,d007,1985-10-16,9999-01-01
11144,d007,1996-07-19,9999-01-01
11668,d007,1992-10-26,9999-01-01
11961,d007,1997-06-26,9999-01-01
11515,d007,1998-09-21,9999-01-01
11746,d007,1988-11-17,9999-01-01
11124,d007,1990-04-16,9999-01-01
11377,d007,1991-10-18,9999-01-01
11427,d007,1999-08-04,9999-01-01
11892,d007,1994-11-26,9999-01-01
11897,d007,1988-06-16,9999-01-01
11946,d007,1998-08-24,9999-01-01
11259,d007,1986-12-26,9999-01-01
11430,d007,1997-07-06,9999-01-01
11718,d007,1998-01-01,9999-01-01
11197,d007,1989-09-12,9999-01-01
11429,d007,1986-10-16,9999-01-01
11029,d007,1992-12-27,9999-01-01
11226,d007,1989-05-09,9999-01-01
11328,d007,1986-08-08,9999-01-01
11329,d007,1987-05-02,9999-01-01
11849,d007,1991-08-27,9999-01-01
11969,d007,1998-04-15,9999-01-01
11155,d007,1997-05-08,9999-01-01
11198,d007,1988-02-07,9999-01-01
11443,d007,1989-08-15,9999-01-01
11696,d007,1985-10-23,9999-01-01
11628,d008,1995-04-23,9999-01-01
11931,d008,1991-01-13,9999-01-01
11779,d008,1996-11-21,9999-01-01
11920,d008,1996-03-29,9999-01-01
11842,d008,1991-12-11,9999-01-01
11742,d008,1996-04-12,9999-01-01
11220,d008,1995-10-27,9999-01-01
11376,d008,1986-03-14,9999-01-01
11617,d008,1992-03-19,9999-01-01
11465,d008,1996-05-26,9999-01-01
11754,d008,1999-11-06,9999-01-01
11458,d008,1985-10-06,9999-01-01
11408,d008,1996-02-15,9999-01-01
11276,d008,1988-03-12,9999-01-01
11499,d008,1989-03-08,9999-01-01
11038,d008,1985-07-15,9999-01-01
11238,d008,1999-02-14,9999-01-01
11751,d008,1988-11-03,9999-01-01
11823,d008,1997-07-02,9999-01-01
11836,d008,1989-07-28,9999-01-01
11058,d008,1985-06-07,9999-01-01
11021,d008,1998-02-02,9999-01-01
11184,d008,1985-04-27,9999-01-01
11960,d008,1988-07-28,9999-01-01
11413,d008,1991-01-24,9999-01-01
11674,d008,1987-12-20,9999-01-01
11219,d008,1994-11-19,9999-01-01
11068,d008,1989-06-29,9999-01-01
11270,d008,1989-09-04,9999-01-01
11991,d008,1985-09-29,9999-01-01
11631,d008,1992-04-14,9999-01-01
11201,d008,1995-10-31,9999-01-01
11649,d008,2002-06-22,9999-01-01
11560,d008,1991-10-02,9999-01-01
11629,d008,1994-12-16,9999-01-01
11700,d008,1993-06-17,9999-01-01
11406,d008,1989-03-13,9999-01-01
11490,d008,1997-10-24,9999-01-01
11100,d008,1986-10-13,9999-01-01
11745,d008,1999-12-12,9999-01-01
11378,d008,1988-12-17,9999-01-01
11395,d008,1987-06-20,9999-01-01
11267,d008,1997-07-29,9999-01-01
11789,d008,1989-08-18,9999-01-01
11327,d009,1997-05-18,9999-01-01
11841,d009,1996-10-24,9999-01-01
11034,d009,1993-01-01,9999-01-01
11094,d009,1992-07-25,9999-01-01
11973,d009,1989-04-13,9999-01-01
11120,d009,1996-06-19,9999-01-01
11258,d009,1991-03-28,9999-01-01
11411,d009,1992-05-17,9999-01-01
11712,d009,1999-06-11,9999-01-01
11232,d009,1994-08-02,9999-01-01
11244,d009,1985-06-08,9999-01-01
11851,d009,1992-03-31,9999-01-01
11095,d009,1997-02-14,9999-01-01
11563,d009,1988-12-10,9999-01-01
11572,d009,1998-04-14,9999-01-01
11074,d009,1995-06-15,9999-01-01
11601,d009,1993-05-29,9999-01-01
11384,d009,1994-06-03,9999-01-01
11494,d009,1996-12-17,9999-01-01
11260,d009,1996-05-16,9999-01-01
11437,d009,1991-08-12,9999-01-01
11807,d009,1994-09-16,9999-01-01
11344,d009,1991-12-05,9999-01-01
11909,d009,1994-02-21,9999-01-01
11112,d009,1995-04-28,9999-01-01
11394,d009,1988-12-20,9999-01-01
11135,d009,1991-10-22,9999-01-01
11305,d009,1990-01-16,9999-01-01
11525,d009,1998-09-26,9999-01-01
11732,d009,2002-07-12,9999-01-01
11274,d009,1999-12-13,9999-01-01
11424,d009,1991-02-14,9999-01-01
11735,d009,1988-07-14,9999-01-01
11864,d009,1995-11-02,9999-01-01
11352,d009,1992-02-10,9999-01-01
11278,d009,1986-04-22,9999-01-01
11986,d009,1991-08-06,9999-01-01
11723,d009,1998-05-18,9999-01-01
11047,d009,1995-08-14,9999-01-01
11606,d009,1994-09-27,9999-01-01
11434,d009,1992-10-18,9999-01-01
11831,d009,1998-01-27,9999-01-01
11541,d009,1992-06-15,9999-01-01
11822,d009,1996-07-07,9999-01-01
11012,d009,2000-03-16,9999-01-01
11423,d009,1998-10-13,9999-01-01
11750,d009,2001-03-15,9999-01-01
11139,d009,1990-05-11,9999-01-01
11669,d009,2001-06-12,9999-01-01
11209,d009,2000-02-08,9999-01-01
11185,d009,1995-01-26,9999-01-01
11561,d009,1989-12-26,9999-01-01
11731,d009,1996-12-18,9999-01-01
11948,d009,2001-01-25,9999-01-01
11452,d009,1993-08-26,9999-01-01
11815,d009,1995-05-03,9999-01-01
11022,d009,1993-10-18,9999-01-01
11314,d009,1990-04-10,9999-01-01
11373,d009,1992-07-18,9999-01-01
11407,d009,1991-05-06,9999-01-01
11648,d009,1992-02-15,9999-01-01
11703,d009,1989-07-23,9999-01-01
11361,d009,1997-01-31,9999-01-01
11788,d009,1999-02-12,9999-01-01
10787,d001,1991-07-19,2002-07-27
10591,d001,1987-06-18,1988-09-20
10722,d001,1989-01-17,2000-04-14
10108,d001,1999-12-06,2001-10-20
10499,d001,1996-07-31,1998-03-16
10694,d001,1988-01-26,2001-07-11
10055,d001,1992-04-27,1995-07-22
10175,d001,1988-09-24,1995-05-24
10259,d001,1987-07-25,1994-08-15
10765,d001,1994-05-08,1994-05-11
10602,d001,1989-04-23,1993-11-06
10208,d001,1995-02-05,1999-05-15
10496,d002,1995-08-29,1999-01-26
10912,d002,1986-04-23,1999-09-26
10761,d002,1992-05-30,1999-01-04
10177,d002,1993-02-06,1994-03-17
10906,d002,1998-10-18,2001-04-25
10354,d002,1999-03-03,2000-03-03
10918,d002,1990-01-29,1990-10-10
10644,d002,1985-05-29,1995-07-19
10850,d002,1990-04-22,1995-05-11
10209,d002,1991-11-23,1999-08-07
10855,d002,1993-03-29,1997-03-02
10806,d002,1993-04-25,1994-04-08
10080,d002,1994-09-28,1997-07-09
10042,d002,1993-03-21,2000-08-10
10480,d002,1988-05-18,1989-06-03
10748,d002,1990-08-14,1992-04-04
10731,d002,1987-02-20,2000-10-09
10146,d002,1988-06-28,1990-09-07
10050,d002,1990-12-25,1992-11-05
10668,d002,1997-11-28,1999-09-03
10186,d002,1996-12-25,1997-08-16
10685,d002,1995-12-27,1996-10-20
10144,d002,1985-10-14,1988-09-02
10403,d002,1991-09-13,1995-03-07
10727,d002,1991-01-08,2000-06-06
10655,d002,1997-07-04,2000-11-22
10467,d003,1992-05-22,1999-11-01
10144,d003,1988-09-02,1993-08-10
10105,d003,1999-05-17,2001-06-11
10362,d003,1990-11-02,1997-07-16
10829,d003,1993-07-21,1993-11-29
10108,d003,1999-03-20,1999-12-06
10354,d003,2000-03-03,2002-01-01
10459,d003,1997-06-28,1998-06-14
10279,d004,1995-04-26,1999-07-11
10608,d004,1986-05-25,1991-06-02
10131,d004,1999-09-17,1999-12-06
10164,d004,1990-10-19,2000-05-31
10801,d004,1998-04-07,2001-01-15
10905,d004,1985-02-28,1986-03-07
10010,d004,1996-11-24,2000-06-26
10344,d004,1999-04-19,2001-11-11
10434,d004,1995-06-27,2002-06-22
10425,d004,1995-05-07,2002-05-06
10753,d004,1985-05-17,1999-08-25
10819,d004,1986-08-02,1999-12-28
10706,d004,1994-05-03,2001-04-08
10780,d004,1994-08-01,1996-08-18
10635,d004,1991-09-22,1999-12-20
10881,d004,1997-02-18,1998-10-25
10029,d004,1991-09-18,1999-07-08
10332,d004,1988-10-20,1997-03-07
10303,d004,1990-02-05,2000-11-15
10430,d004,1998-07-05,1999-07-17
10221,d004,1988-06-08,2000-10-04
10200,d004,1994-02-17,2000-10-03
10598,d004,1998-06-22,2000-09-27
10098,d004,1985-05-13,1989-06-29
10950,d004,1996-06-08,1998-01-13
10614,d004,1990-03-03,1997-02-27
10931,d004,1992-06-14,1999-09-19
10747,d004,1990-10-08,1999-09-20
10775,d004,1994-12-30,1999-03-17
10730,d004,1996-05-27,1998-06-07
10412,d004,1991-11-21,2000-05-19
10975,d004,1992-03-30,1997-01-14
10268,d004,1988-04-15,1990-08-17
10124,d004,1991-09-05,1999-06-06
10161,d004,1991-06-09,1994-01-05
10392,d004,1992-03-01,1997-08-09
10538,d004,1991-09-22,1998-12-13
10874,d004,1986-04-22,1997-12-28
10307,d004,1999-10-16,2000-01-21
10382,d004,1998-07-01,1999-05-07
10926,d004,1990-04-30,1992-11-04
10994,d004,1987-11-13,1989-05-24
10341,d004,1987-04-29,1998-11-11
10385,d004,1992-12-20,1998-01-23
10310,d004,1990-10-24,2001-07-26
10350,d004,1991-05-11,1998-01-16
10867,d004,1997-03-23,2002-03-22
10475,d004,1992-05-13,1994-12-30
10575,d004,1988-10-04,2000-11-22
10170,d004,1986-01-02,1989-02-06
10672,d004,1991-09-29,1996-04-19
10777,d004,1990-03-17,2001-03-27
10786,d004,1997-06-06,2001-12-10
10119,d004,1993-12-09,1997-10-30
10255,d004,1993-05-12,1999-11-14
10363,d004,1985-09-11,1987-05-18
10195,d004,1985-02-15,2001-04-14
10583,d004,1985-02-14,1998-05-29
10217,d004,1986-05-12,1993-08-05
10984,d004,1988-07-09,1993-05-14
10422,d004,1995-01-03,1997-09-30
10812,d004,1996-09-20,1997-10-06
10249,d005,1991-12-08,1998-04-13
10268,d005,1986-12-17,1988-04-15
10660,d005,1988-08-12,1991-07-12
10673,d005,1994-07-29,1997-11-18
10797,d005,1988-08-21,1997-06-02
10937,d005,1988-06-16,1991-05-03
10994,d005,1987-06-29,1987-11-13
10018,d005,1987-04-03,1992-07-29
10289,d005,1993-03-12,2002-01-31
10842,d005,1986-07-14,1998-06-27
10948,d005,1996-09-30,1997-04-29
10182,d005,1990-09-02,1999-01-05
10452,d005,1995-11-12,2001-10-11
10825,d005,1993-12-04,2000-06-03
10278,d005,1993-07-02,1997-02-14
10395,d005,1998-08-10,2001-08-13
10529,d005,1997-07-04,1999-06-12
10665,d005,1988-01-23,2000-07-13
10740,d005,1996-04-30,2002-03-17
10238,d005,1995-03-31,1996-05-25
10276,d005,1986-10-19,2000-02-04
10294,d005,1999-01-30,1999-05-04
10709,d005,1986-02-02,1988-02-21
10028,d005,1991-10-22,1998-04-06
10116,d005,1994-02-27,1995-12-03
10305,d005,1988-10-31,1992-06-02
10634,d005,1990-11-11,1994-04-02
10690,d005,1989-08-22,1995-10-04
10971,d005,1991-07-30,1998-10-24
10261,d005,1996-09-11,1999-02-23
10916,d005,1998-03-12,1998-10-02
10394,d005,1991-03-14,1991-08-25
10593,d005,1990-09-12,2000-03-29
10519,d005,1994-02-09,2001-10-13
10663,d005,1993-01-23,1999-02-12
10488,d005,1994-07-09,1996-11-18
10963,d005,1988-01-14,1995-04-10
10469,d005,1985-06-05,1992-12-26
10075,d005,1988-05-17,2001-01-15
10172,d005,1998-02-04,1998-10-01
10756,d005,1997-10-07,2000-12-16
10719,d005,1995-09-05,1999-07-31
10755,d005,1995-04-01,2001-11-13
10680,d005,1992-11-21,1998-12-08
10700,d005,1998-04-14,2002-06-27
10792,d005,1985-08-10,1993-12-20
10489,d005,1989-09-10,1989-10-06
10538,d005,1987-07-23,1991-09-22
10563,d005,1992-09-29,2002-01-01
10048,d005,1985-02-24,1987-01-27
10327,d005,1987-09-18,1988-05-10
10888,d005,1987-06-28,1989-09-11
10460,d005,1999-06-30,2001-04-15
10021,d005,1988-02-10,2002-07-15
10902,d005,1990-06-11,1990-09-25
10623,d005,1992-01-15,1996-02-11
10999,d005,1996-03-05,1997-04-19
10189,d005,1992-09-13,1993-06-29
10070,d005,1985-10-14,1995-10-18
10557,d005,1992-09-18,1994-08-25
10604,d005,1990-04-07,2002-07-29
10956,d005,1995-12-02,1997-02-10
10625,d005,1986-07-15,1995-01-13
10547,d005,1988-02-14,1989-06-19
10730,d005,1996-05-14,1996-05-27
10985,d005,1999-02-11,1999-02-27
10738,d005,1991-04-30,1992-01-06
10134,d005,1987-12-12,1993-12-02
10025,d005,1987-08-17,1997-10-15
10090,d005,1986-03-14,1999-05-07
10751,d005,1999-12-14,2000-12-05
10861,d005,1989-06-10,1992-04-12
10566,d005,1990-08-23,1997-10-26
10821,d005,1988-10-06,1990-04-17
10952,d005,1986-07-22,1988-04-26
10040,d005,1993-02-14,2002-01-22
10940,d005,1997-06-30,1999-12-02
10008,d005,1998-03-11,2000-07-31
10757,d005,1986-01-06,1991-10-18
10204,d005,1998-12-18,1999-03-08
10443,d005,1989-08-01,2002-07-06
10632,d005,1985-07-25,1987-11-20
10585,d005,1991-01-09,1994-08-24
10846,d005,1995-01-17,1997-04-03
10414,d005,1990-05-30,1994-12-02
10440,d005,1997-04-04,2000-01-30
10192,d006,1988-06-13,1999-08-09
10803,d006,1988-04-20,2002-04-02
10316,d006,1990-12-18,1991-01-02
10363,d006,1987-05-18,1993-02-12
10152,d006,1986-01-27,1987-08-03
10401,d006,1999-10-25,2001-04-25
10229,d006,1996-02-20,2000-06-30
10405,d006,1998-09-26,2000-12-05
10447,d006,1988-12-29,2000-11-15
10033,d006,1987-03-18,1993-03-24
10073,d006,1998-02-02,1998-02-22
10442,d007,1992-02-12,2001-03-13
10629,d007,1999-10-20,2001-12-07
10817,d007,1990-12-26,2000-01-24
10304,d007,1992-11-16,2002-05-08
10149,d007,1994-01-28,1996-08-27
10977,d007,1987-08-10,1987-10-01
10510,d007,1990-04-20,1992-09-21
10228,d007,1992-12-22,1993-01-28
10555,d007,1992-05-22,1993-01-19
10744,d007,1985-12-29,1992-06-03
10914,d007,1998-03-24,1998-09-01
10087,d007,1997-05-08,2001-01-09
10472,d007,1999-12-01,2002-01-02
10088,d007,1988-09-02,1992-03-21
10541,d007,1986-02-28,1986-10-01
10837,d007,1986-01-14,2002-02-22
10321,d007,1995-07-24,1999-08-14
10374,d007,1993-12-08,1995-04-25
10681,d007,1995-10-02,2002-01-08
10515,d007,1990-01-06,1998-07-21
10548,d007,1986-07-04,1991-10-04
10765,d007,1994-05-07,1994-05-08
10125,d007,1990-10-26,1996-03-25
10895,d007,1986-04-26,1986-12-25
10959,d007,1994-03-01,1996-04-12
10922,d007,1996-02-02,1999-01-16
10505,d007,1985-07-23,1998-03-26
10770,d007,1987-12-25,1989-02-27
10525,d007,1990-07-08,1995-12-20
10302,d007,1986-07-22,1999-11-09
10403,d007,1995-03-07,2001-06-15
10701,d007,1986-10-27,1989-10-07
10828,d007,1986-02-14,1990-03-30
10876,d007,1995-01-29,1999-09-14
10320,d007,1988-11-03,2001-12-23
10136,d007,1988-06-13,1999-09-20
10253,d007,1985-02-21,1994-03-20
10410,d007,1993-10-16,1996-07-21
10346,d007,1992-01-17,1996-04-20
10644,d007,1995-07-19,1995-08-25
10335,d007,1992-04-06,1999-11-07
10234,d007,1990-11-19,1999-08-06
10449,d007,1987-03-28,1996-03-12
10570,d007,1986-06-16,2000-03-25
10060,d007,1989-05-28,1992-11-11
10836,d007,1987-08-10,1991-07-01
10865,d007,1993-05-29,1993-07-03
10034,d007,1995-04-12,1999-10-31
10567,d007,1992-10-18,1997-02-17
10101,d007,1998-10-14,2000-09-23
10237,d007,1989-08-11,2000-02-21
10637,d007,1993-07-11,2000-01-19
10885,d007,1991-08-19,1997-09-29
10287,d008,1992-12-28,1997-09-05
10419,d008,1992-04-25,2002-07-06
10420,d008,1988-01-17,2000-07-09
10652,d008,1990-02-12,1992-01-13
10116,d008,1995-12-03,1998-11-01
10720,d008,1996-06-26,2001-08-05
10577,d008,1993-07-02,2001-08-01
10245,d008,1994-04-21,1995-02-20
10519,d008,1992-12-05,1994-02-09
10365,d008,1987-10-22,1992-04-04
10782,d008,1997-07-06,2002-03-30
10514,d008,1992-04-29,1995-04-02
10082,d008,1990-01-03,1990-01-15
10713,d008,1986-04-26,2001-02-21
10327,d008,1988-05-10,1993-05-22
10298,d008,1999-04-27,2002-05-05
10673,d008,1997-11-18,1998-01-14
10985,d008,1999-02-27,1999-03-10
10015,d008,1992-09-19,1993-08-22
10317,d008,1999-01-24,2000-07-05
10155,d008,1990-01-05,1990-07-12
10064,d008,1985-11-20,1992-03-02
10094,d008,1987-04-18,1997-11-08
10948,d008,1997-04-29,1997-06-23
10966,d008,1997-02-05,1999-11-12
10534,d008,1998-01-26,2001-03-03
10259,d009,1994-08-15,1999-01-06
10617,d009,1991-10-30,2001-10-03
10856,d009,1986-12-31,1990-06-18
10601,d009,1999-07-24,2002-05-09
10011,d009,1990-01-22,1996-11-09
10382,d009,1999-05-07,2000-10-27
10286,d009,1994-12-24,1999-01-24
10869,d009,1997-09-04,1998-10-15
10895,d009,1986-12-25,1987-04-13
10865,d009,1993-07-03,1993-09-19
10219,d009,1993-03-31,1994-10-23
10115,d009,1988-03-03,1992-05-24
10773,d009,1997-02-09,1997-11-29
10374,d009,1995-04-25,1996-03-29
10466,d009,1997-08-22,2000-08-15
10098,d009,1989-06-29,1992-12-11
10478,d009,1992-06-09,1993-02-10
10938,d001,1985-09-24,9999-01-01
10449,d001,1996-03-12,9999-01-01
10859,d001,1996-05-21,9999-01-01
10353,d001,1989-08-24,9999-01-01
10548,d001,1991-10-04,9999-01-01
10919,d001,1999-10-30,9999-01-01
10239,d001,1996-05-04,9999-01-01
10367,d001,1991-06-24,9999-01-01
10681,d001,2002-01-08,9999-01-01
10384,d001,1986-01-16,9999-01-01
10830,d001,1991-08-24,9999-01-01
10824,d001,1995-08-01,9999-01-01
10941,d001,1993-08-22,9999-01-01
10885,d001,1997-09-29,9999-01-01
10340,d001,1988-03-30,9999-01-01
10661,d001,1988-01-12,9999-01-01
10899,d001,1990-04-05,9999-01-01
10567,d001,1997-02-17,9999-01-01
10017,d001,1993-08-03,9999-01-01
10228,d001,1993-01-28,9999-01-01
10418,d001,1996-10-04,9999-01-01
10491,d001,1990-01-17,9999-01-01
10928,d001,1991-04-07,9999-01-01
10658,d001,1994-04-29,9999-01-01
10927,d001,1986-09-12,9999-01-01
10877,d001,1986-06-06,9999-01-01
10929,d001,1991-04-15,9999-01-01
10058,d001,1988-04-25,9999-01-01
10741,d001,1989-01-06,9999-01-01
10893,d001,1989-08-23,9999-01-01
10820,d001,1992-06-26,9999-01-01
10995,d001,1997-07-19,9999-01-01
10778,d001,1986-07-04,9999-01-01
10140,d001,1991-03-14,9999-01-01
10416,d002,1989-03-24,9999-01-01
10827,d002,1996-11-07,9999-01-01
10951,d002,1989-07-06,9999-01-01
10132,d002,1997-06-18,9999-01-01
10615,d002,1996-03-10,9999-01-01
10657,d002,1992-03-26,9999-01-01
10459,d002,1998-06-14,9999-01-01
10866,d002,1990-12-27,9999-01-01
10576,d002,1991-01-03,9999-01-01
10589,d002,1994-01-26,9999-01-01
10901,d002,1998-08-05,9999-01-01
10949,d002,1990-06-29,9999-01-01
10263,d002,1996-12-21,9999-01-01
10989,d002,1985-07-20,9999-01-01
10059,d002,1991-06-26,9999-01-01
10913,d002,1998-10-25,9999-01-01
10556,d002,1992-04-15,9999-01-01
10688,d002,1986-04-13,9999-01-01
10173,d002,1992-03-21,9999-01-01
10220,d002,1997-09-16,9999-01-01
10760,d002,1997-08-22,9999-01-01
10872,d002,1990-09-06,9999-01-01
10295,d002,1995-06-19,9999-01-01
10935,d002,1994-10-17,9999-01-01
10543,d002,1998-11-24,9999-01-01
10272,d002,1997-10-23,9999-01-01
10180,d002,1994-07-01,9999-01-01
10666,d002,1989-05-20,9999-01-01
10675,d002,1993-02-02,9999-01-01
10187,d002,1991-06-01,9999-01-01
10873,d002,1994-03-23,9999-01-01
10196,d002,1999-01-31,9999-01-01
10351,d002,1995-05-01,9999-01-01
10964,d002,1991-05-05,9999-01-01
10301,d002,1988-05-23,9999-01-01
10513,d002,1991-04-02,9999-01-01
10194,d002,1997-02-14,9999-01-01
10743,d002,1999-11-05,9999-01-01
10147,d002,1987-12-18,9999-01-01
10165,d002,1988-05-17,9999-01-01
10456,d002,2000-01-06,9999-01-01
10934,d002,1995-09-17,9999-01-01
10241,d002,1988-06-12,9999-01-01
10071,d003,1995-08-05,9999-01-01
10413,d003,1991-12-27,9999-01-01
10036,d003,1992-04-28,9999-01-01
10806,d003,1994-04-08,9999-01-01
10464,d003,1991-05-21,9999-01-01
10512,d003,1989-11-28,9999-01-01
10522,d003,1986-12-12,9999-01-01
10717,d003,1991-09-13,9999-01-01
10818,d003,1998-04-09,9999-01-01
10005,d003,1989-09-12,9999-01-01
10484,d003,1996-12-20,9999-01-01
10892,d003,1990-04-11,9999-01-01
10627,d003,1995-03-13,9999-01-01
10436,d003,1988-01-30,9999-01-01
10636,d003,1996-09-25,9999-01-01
10531,d003,1995-03-16,9999-01-01
10679,d003,1990-05-13,9999-01-01
10100,d003,1987-09-21,9999-01-01
10110,d003,1986-08-22,9999-01-01
10815,d003,1994-04-19,9999-01-01
10748,d003,1992-04-04,9999-01-01
10766,d003,1999-09-18,9999-01-01
10936,d003,1990-05-09,9999-01-01
10626,d003,1996-12-03,9999-01-01
10574,d003,1999-11-15,9999-01-01
10613,d003,1997-10-13,9999-01-01
10689,d003,1988-08-05,9999-01-01
10280,d003,1995-01-27,9999-01-01
10325,d003,1990-09-20,9999-01-01
10671,d003,1995-09-14,9999-01-01
10233,d003,1994-04-29,9999-01-01
10360,d003,1996-09-04,9999-01-01
10039,d003,1988-01-19,9999-01-01
10086,d003,1992-02-19,9999-01-01
10907,d003,1988-12-25,9999-01-01
10783,d003,1994-05-15,9999-01-01
10908,d003,1986-04-05,9999-01-01
10054,d003,1995-07-29,9999-01-01
10163,d003,1992-02-02,9999-01-01
10920,d003,1992-02-24,9999-01-01
10507,d003,1990-09-30,9999-01-01
10428,d003,1992-06-04,9999-01-01
10013,d003,1985-10-20,9999-01-01
10823,d003,1999-08-19,9999-01-01
10077,d003,1994-12-23,9999-01-01
10080,d003,1997-07-09,9999-01-01
10026,d004,1995-03-20,9999-01-01
10260,d004,1993-02-01,9999-01-01
10298,d004,2002-05-05,9999-01-01
10745,d004,1988-01-23,9999-01-01
10758,d004,1999-07-01,9999-01-01
10930,d004,1991-11-22,9999-01-01
10004,d004,1986-12-01,9999-01-01
10106,d004,1991-10-27,9999-01-01
10158,d004,1987-06-04,9999-01-01
10470,d004,1989-09-19,9999-01-01
10595,d004,1989-11-24,9999-01-01
10624,d004,1990-05-07,9999-01-01
10848,d004,1985-04-20,9999-01-01
10282,d004,1996-05-02,9999-01-01
10312,d004,1986-08-28,9999-01-01
10473,d004,1997-09-23,9999-01-01
10558,d004,1992-04-22,9999-01-01
10497,d004,1992-01-22,9999-01-01
10798,d004,1996-09-21,9999-01-01
10921,d004,1986-07-27,9999-01-01
10508,d004,1991-05-01,9999-01-01
10656,d004,1988-06-21,9999-01-01
10720,d004,2001-08-05,9999-01-01
10654,d004,1990-03-25,9999-01-01
10664,d004,1989-12-24,9999-01-01
10084,d004,1995-12-15,9999-01-01
10224,d004,1988-01-09,9999-01-01
10317,d004,2000-07-05,9999-01-01
10377,d004,1996-08-24,9999-01-01
10647,d004,1997-09-03,9999-01-01
10800,d004,1993-05-20,9999-01-01
10835,d004,1995-08-22,9999-01-01
10883,d004,1996-12-28,9999-01-01
10323,d004,1991-06-06,9999-01-01
10438,d004,1990-01-19,9999-01-01
10462,d004,1996-03-25,9999-01-01
10297,d004,1986-05-28,9999-01-01
10397,d004,1993-05-21,9999-01-01
10763,d004,1987-02-23,9999-01-01
10155,d004,1990-07-12,9999-01-01
10293,d004,1992-12-12,9999-01-01
10337,d004,1998-04-25,9999-01-01
10630,d004,1997-01-13,9999-01-01
10690,d004,1995-10-04,9999-01-01
10003,d004,1995-12-03,9999-01-01
10257,d004,1997-07-16,9999-01-01
10044,d004,1994-05-21,9999-01-01
10970,d004,1995-11-14,9999-01-01
10024,d004,1998-06-14,9999-01-01
10051,d004,1992-10-15,9999-01-01
10759,d004,1991-12-04,9999-01-01
10802,d004,1985-08-24,9999-01-01
10937,d004,1991-05-03,9999-01-01
10045,d004,1996-11-16,9999-01-01
10167,d004,1992-04-04,9999-01-01
10171,d004,1996-08-05,9999-01-01
10205,d004,1993-08-23,9999-01-01
10252,d004,1990-11-08,9999-01-01
10339,d004,1989-11-30,9999-01-01
10612,d004,1991-09-02,9999-01-01
10983,d004,1988-02-22,9999-01-01
10135,d004,1990-01-04,9999-01-01
10120,d004,1996-07-06,9999-01-01
10188,d004,1987-08-27,9999-01-01
10376,d004,1990-12-08,9999-01-01
10523,d004,1989-12-23,9999-01-01
10715,d004,1999-10-28,9999-01-01
10863,d004,1985-12-25,9999-01-01
10868,d004,1990-03-20,9999-01-01
10966,d004,1999-11-12,9999-01-01
10269,d004,1988-07-24,9999-01-01
10081,d004,1986-10-30,9999-01-01
10329,d004,1986-01-20,9999-01-01
10371,d004,1989-11-28,9999-01-01
10474,d004,1987-02-21,9999-01-01
10732,d004,1994-12-21,9999-01-01
10774,d004,1990-01-26,9999-01-01
10035,d004,1988-09-05,9999-01-01
10840,d004,1993-06-04,9999-01-01
10978,d004,1985-05-18,9999-01-01
10381,d004,1991-12-04,9999-01-01
10790,d004,1999-03-02,9999-01-01
10916,d004,1998-10-02,9999-01-01
10018,d004,1992-07-29,9999-01-01
10123,d004,1993-01-15,9999-01-01
10162,d004,1998-05-27,9999-01-01
10190,d004,1986-06-23,9999-01-01
10300,d004,1991-05-17,9999-01-01
10487,d004,1992-08-14,9999-01-01
10564,d004,1995-11-23,9999-01-01
10729,d004,1986-04-20,9999-01-01
10520,d004,1996-09-05,9999-01-01
10529,d004,1999-06-12,9999-01-01
10604,d004,2002-07-29,9999-01-01
10047,d004,1989-03-31,9999-01-01
10441,d004,1988-07-12,9999-01-01
10451,d004,1988-03-12,9999-01-01
10577,d004,2001-08-01,9999-01-01
10749,d004,1985-09-26,9999-01-01
10030,d004,1994-02-17,9999-01-01
10267,d004,1997-04-26,9999-01-01
10618,d004,1994-10-07,9999-01-01
10723,d004,1997-07-14,9999-01-01
10852,d004,1999-08-21,9999-01-01
10063,d004,1989-04-08,9999-01-01
10083,d004,1987-03-31,9999-01-01
10495,d004,1989-09-24,9999-01-01
10734,d004,1995-12-19,9999-01-01
10898,d004,1993-01-08,9999-01-01
10235,d004,1995-04-06,9999-01-01
10242,d004,1988-01-18,9999-01-01
10393,d004,1989-06-23,9999-01-01
10545,d004,1990-06-30,9999-01-01
10662,d004,1999-12-17,9999-01-01
10979,d004,1986-01-27,9999-01-01
10085,d004,1994-04-09,9999-01-01
10479,d004,1993-07-24,9999-01-01
10825,d004,2000-06-03,9999-01-01
10284,d004,1999-07-06,9999-01-01
10498,d004,1994-03-09,9999-01-01
10586,d004,1992-02-04,9999-01-01
10663,d004,1999-02-12,9999-01-01
10870,d004,1988-01-13,9999-01-01
10174,d004,1987-06-01,9999-01-01
10364,d004,1985-11-14,9999-01-01
10581,d004,1994-04-13,9999-01-01
10134,d004,1993-12-02,9999-01-01
10481,d004,1989-10-03,9999-01-01
10839,d004,1996-12-30,9999-01-01
10915,d004,1999-10-28,9999-01-01
10933,d004,1993-08-02,9999-01-01
10288,d004,1994-08-29,9999-01-01
10768,d004,1985-07-04,9999-01-01
10069,d004,1992-06-14,9999-01-01
10113,d004,1998-09-14,9999-01-01
10593,d004,2000-03-29,9999-01-01
10622,d004,1989-05-15,9999-01-01
10880,d004,1992-01-11,9999-01-01
10911,d004,1988-06-25,9999-01-01
10956,d004,1997-02-10,9999-01-01
10109,d004,1993-06-16,9999-01-01
10218,d004,1997-01-31,9999-01-01
10383,d004,1991-06-19,9999-01-01
10645,d004,1988-03-01,9999-01-01
10724,d004,1995-12-07,9999-01-01
10737,d004,1999-06-22,9999-01-01
10797,d004,1997-06-02,9999-01-01
10117,d004,1992-03-19,9999-01-01
10246,d004,1991-02-01,9999-01-01
10524,d004,1985-10-09,9999-01-01
10588,d004,1988-07-25,9999-01-01
10944,d004,1995-09-07,9999-01-01
10102,d004,1995-01-02,9999-01-01
10222,d004,1986-06-08,9999-01-01
10266,d004,1990-05-25,9999-01-01
10565,d004,1996-08-05,9999-01-01
10756,d004,2000-12-16,9999-01-01
10020,d004,1997-12-30,9999-01-01
10192,d004,1999-08-09,9999-01-01
10572,d004,1988-02-16,9999-01-01
10695,d004,1998-05-19,9999-01-01
10945,d004,1993-04-04,9999-01-01
10368,d004,1996-05-16,9999-01-01
10511,d004,1992-01-27,9999-01-01
10540,d004,1994-05-03,9999-01-01
10526,d004,1988-02-27,9999-01-01
10552,d004,1998-08-31,9999-01-01
10683,d004,1997-06-23,9999-01-01
10811,d004,1997-07-08,9999-01-01
10494,d004,1991-12-18,9999-01-01
10703,d004,1996-05-12,9999-01-01
10997,d004,2000-01-04,9999-01-01
10032,d004,1990-06-20,9999-01-01
10348,d004,1995-10-22,9999-01-01
10834,d004,1990-11-24,9999-01-01
10894,d004,1995-12-05,9999-01-01
10372,d004,1985-07-30,9999-01-01
10684,d004,1999-10-28,9999-01-01
10096,d004,1999-01-23,9999-01-01
10247,d004,1992-08-14,9999-01-01
10503,d004,1997-03-13,9999-01-01
10925,d004,1991-06-11,9999-01-01
10976,d004,1998-10-31,9999-01-01
10130,d004,1988-06-21,9999-01-01
10133,d004,1985-12-15,9999-01-01
10896,d004,1997-11-27,9999-01-01
10122,d005,1998-08-06,9999-01-01
10714,d005,1999-11-24,9999-01-01
10799,d005,1989-03-01,9999-01-01
10882,d005,1999-04-29,9999-01-01
10027,d005,1995-04-02,9999-01-01
10078,d005,1994-09-29,9999-01-01
10579,d005,1991-06-02,9999-01-01
10659,d005,1995-06-01,9999-01-01
10691,d005,1989-09-17,9999-01-01
10373,d005,1997-04-26,9999-01-01
10611,d005,1989-09-16,9999-01-01
10157,d005,1997-12-10,9999-01-01
10386,d005,1985-08-02,9999-01-01
10560,d005,1996-09-03,9999-01-01
10716,d005,1987-08-12,9999-01-01
10153,d005,2000-01-08,9999-01-01
10207,d005,1992-10-11,9999-01-01
10516,d005,1985-10-19,9999-01-01
10610,d005,1997-03-30,9999-01-01
10711,d005,1991-06-21,9999-01-01
10142,d005,1993-10-28,9999-01-01
10501,d005,1988-09-08,9999-01-01
10641,d005,1993-03-21,9999-01-01
10092,d005,1996-04-22,9999-01-01
10609,d005,1994-12-03,9999-01-01
10943,d005,1993-05-22,9999-01-01
10014,d005,1993-12-29,9999-01-01
10283,d005,1988-05-25,9999-01-01
10333,d005,1993-01-16,9999-01-01
10359,d005,1998-07-20,9999-01-01
10571,d005,1985-02-24,9999-01-01
10642,d005,1998-10-05,9999-01-01
10909,d005,1993-12-26,9999-01-01
10022,d005,1999-09-03,9999-01-01
10677,d005,1999-10-13,9999-01-01
10784,d005,1998-10-14,9999-01-01
10065,d005,1998-05-24,9999-01-01
10103,d005,1998-01-12,9999-01-01
10887,d005,1989-03-17,9999-01-01
10219,d005,1994-10-23,9999-01-01
10328,d005,1998-07-17,9999-01-01
10193,d005,1996-09-21,9999-01-01
10275,d005,1987-09-08,9999-01-01
10628,d005,1987-03-14,9999-01-01
10739,d005,1985-03-30,9999-01-01
10091,d005,1992-11-18,9999-01-01
10143,d005,1988-09-30,9999-01-01
10202,d005,1991-10-06,9999-01-01
10315,d005,1987-08-28,9999-01-01
10324,d005,1999-07-19,9999-01-01
10358,d005,1991-02-19,9999-01-01
10582,d005,1995-11-06,9999-01-01
10037,d005,1990-12-05,9999-01-01
10118,d005,1992-02-02,9999-01-01
10212,d005,1996-01-28,9999-01-01
10450,d005,1997-08-24,9999-01-01
10554,d005,1990-11-28,9999-01-01
10793,d005,1990-09-18,9999-01-01
10311,d005,1998-11-04,9999-01-01
10409,d005,1997-09-26,9999-01-01
10594,d005,1988-04-02,9999-01-01
10650,d005,1992-10-04,9999-01-01
10764,d005,1989-11-27,9999-01-01
10879,d005,1985-08-15,9999-01-01
10271,d005,1986-05-23,9999-01-01
10274,d005,1997-02-02,9999-01-01
10404,d005,1988-08-28,9999-01-01
10492,d005,1988-04-29,9999-01-01
10678,d005,1987-08-02,9999-01-01
10988,d005,1985-06-19,9999-01-01
10127,d005,1991-05-17,9999-01-01
10150,d005,1986-11-16,9999-01-01
10198,d005,1985-08-31,9999-01-01
10366,d005,1997-08-15,9999-01-01
10379,d005,1996-07-15,9999-01-01
10900,d005,1995-09-07,9999-01-01
10990,d005,1990-08-06,9999-01-01
10648,d005,1988-02-16,9999-01-01
10958,d005,1988-11-27,9999-01-01
10062,d005,1991-08-30,9999-01-01
10342,d005,1987-07-25,9999-01-01
10031,d005,1991-09-01,9999-01-01
10445,d005,1987-11-04,9999-01-01
10478,d005,1993-02-10,9999-01-01
10485,d005,1996-01-21,9999-01-01
10776,d005,1986-03-16,9999-01-01
10542,d005,1992-02-07,9999-01-01
10845,d005,1997-01-25,9999-01-01
10991,d005,1999-07-13,9999-01-01
10056,d005,1990-02-01,9999-01-01
10482,d005,1996-02-26,9999-01-01
10530,d005,1987-09-23,9999-01-01
10674,d005,1999-03-17,9999-01-01
10769,d005,1991-08-30,9999-01-01
10904,d005,1993-04-16,9999-01-01
10917,d005,1993-01-30,9999-01-01
10145,d005,1999-11-03,9999-01-01
10477,d005,1997-05-26,9999-01-01
10858,d005,1997-01-01,9999-01-01
10942,d005,1996-01-21,9999-01-01
10074,d005,1990-08-13,9999-01-01
10506,d005,1996-12-01,9999-01-01
10527,d005,1996-01-25,9999-01-01
10076,d005,1996-07-15,9999-01-01
10001,d005,1986-06-26,9999-01-01
10206,d005,1988-04-19,9999-01-01
10643,d005,1987-11-11,9999-01-01
10831,d005,1998-02-22,9999-01-01
10844,d005,1997-04-25,9999-01-01
10891,d005,1995-10-06,9999-01-01
10973,d005,1989-03-05,9999-01-01
10980,d005,1989-01-04,9999-01-01
10129,d005,1996-01-16,9999-01-01
10309,d005,1997-05-02,9999-01-01
10352,d005,1998-12-16,9999-01-01
10809,d005,1988-02-25,9999-01-01
10986,d005,1985-10-11,9999-01-01
10066,d005,1986-02-26,9999-01-01
10179,d005,2000-01-25,9999-01-01
10197,d005,1994-06-28,9999-01-01
10396,d005,1986-01-11,9999-01-01
10584,d005,1986-02-17,9999-01-01
10772,d005,1990-02-22,9999-01-01
10211,d005,1991-11-22,9999-01-01
10079,d005,1995-12-13,9999-01-01
10121,d005,1989-05-03,9999-01-01
10258,d005,1985-05-17,9999-01-01
10742,d005,1997-04-03,9999-01-01
10808,d005,1987-03-07,9999-01-01
10726,d005,1992-02-25,9999-01-01
10750,d005,1998-11-06,9999-01-01
10843,d005,1990-04-26,9999-01-01
10886,d005,1995-03-26,9999-01-01
10227,d005,1994-11-01,9999-01-01
10244,d005,1999-09-16,9999-01-01
10500,d005,1996-12-16,9999-01-01
10599,d005,1991-11-17,9999-01-01
10631,d005,1994-10-18,9999-01-01
10707,d005,1990-12-24,9999-01-01
10849,d005,1995-06-25,9999-01-01
10435,d005,1996-06-08,9999-01-01
10528,d005,1993-10-28,9999-01-01
10578,d005,1989-11-24,9999-01-01
10826,d005,1993-01-22,9999-01-01
10181,d005,1988-06-22,9999-01-01
10553,d005,1990-07-22,9999-01-01
10696,d005,1991-09-09,9999-01-01
10969,d005,1994-05-12,9999-01-01
10972,d005,1987-06-06,9999-01-01
10012,d005,1992-12-18,9999-01-01
10023,d005,1999-09-27,9999-01-01
10389,d005,1999-05-13,9999-01-01
10391,d005,1993-01-28,9999-01-01
10429,d005,1988-09-23,9999-01-01
10426,d005,1985-07-06,9999-01-01
10439,d005,1993-05-01,9999-01-01
10587,d005,1991-11-20,9999-01-01
10718,d005,1988-07-21,9999-01-01
10854,d005,1998-07-13,9999-01-01
10057,d005,1992-01-15,9999-01-01
10223,d005,1998-04-01,9999-01-01
10345,d005,1993-11-08,9999-01-01
10712,d005,1994-08-18,9999-01-01
10884,d005,1993-04-15,9999-01-01
10006,d005,1990-08-05,9999-01-01
10822,d005,1986-01-11,9999-01-01
10987,d005,1997-05-21,9999-01-01
10166,d005,1996-09-02,9999-01-01
10264,d005,1997-07-16,9999-01-01
10290,d005,1991-09-18,9999-01-01
10620,d005,1990-11-10,9999-01-01
10318,d005,1987-03-23,9999-01-01
10424,d005,1989-08-07,9999-01-01
10606,d005,1987-05-02,9999-01-01
10607,d005,1996-01-13,9999-01-01
10621,d005,1992-02-10,9999-01-01
10653,d005,1987-04-30,9999-01-01
10974,d005,1999-05-17,9999-01-01
10287,d005,1997-09-05,9999-01-01
10415,d005,1993-10-25,9999-01-01
10518,d005,1993-09-03,9999-01-01
10676,d005,1999-09-04,9999-01-01
10698,d005,1994-12-08,9999-01-01
10967,d005,1993-08-01,9999-01-01
10072,d005,1989-05-21,9999-01-01
10791,d005,1988-07-30,9999-01-01
10932,d005,1994-09-09,9999-01-01
10992,d005,1997-04-27,9999-01-01
10043,d005,1990-10-20,9999-01-01
10169,d005,1998-06-28,9999-01-01
10191,d005,1986-04-10,9999-01-01
10562,d005,1997-07-24,9999-01-01
10639,d005,1992-10-25,9999-01-01
10702,d005,1991-01-14,9999-01-01
10746,d005,1990-08-31,9999-01-01
10201,d005,1992-11-10,9999-01-01
10322,d005,1990-01-29,9999-01-01
10446,d005,1996-12-25,9999-01-01
10686,d005,1987-05-17,9999-01-01
10961,d005,1993-11-04,9999-01-01
10139,d005,1998-03-15,9999-01-01
10549,d005,1996-10-11,9999-01-01
10390,d006,1989-05-17,9999-01-01
10402,d006,1987-01-02,9999-01-01
10486,d006,1987-10-08,9999-01-01
10124,d006,1999-06-06,9999-01-01
10240,d006,1998-10-06,9999-01-01
10344,d006,2001-11-11,9999-01-01
10029,d006,1999-07-08,9999-01-01
10993,d006,1992-05-29,9999-01-01
10502,d006,1993-03-04,9999-01-01
10010,d006,2000-06-26,9999-01-01
10483,d006,1993-11-10,9999-01-01
10833,d006,1998-12-23,9999-01-01
10392,d006,1997-08-09,9999-01-01
10860,d006,1998-01-22,9999-01-01
10009,d006,1985-02-18,9999-01-01
10838,d006,1994-04-26,9999-01-01
10357,d006,1994-04-04,9999-01-01
10437,d006,1996-04-12,9999-01-01
10796,d006,1990-11-08,9999-01-01
10457,d006,1999-10-23,9999-01-01
10605,d006,1993-07-01,9999-01-01
10265,d006,1997-09-12,9999-01-01
10406,d006,1996-01-26,9999-01-01
10159,d006,1996-06-12,9999-01-01
10785,d006,1994-11-11,9999-01-01
10156,d006,1993-05-14,9999-01-01
10699,d006,1985-11-17,9999-01-01
10433,d006,1992-11-26,9999-01-01
10853,d006,1993-05-03,9999-01-01
10786,d006,2001-12-10,9999-01-01
10200,d006,2000-10-03,9999-01-01
10067,d006,1987-03-04,9999-01-01
10343,d006,1997-10-03,9999-01-01
10111,d006,1988-12-19,9999-01-01
10875,d006,1988-05-19,9999-01-01
10752,d006,1993-05-28,9999-01-01
10551,d006,1988-08-06,9999-01-01
10550,d006,1985-02-03,9999-01-01
10281,d006,1994-12-03,9999-01-01
10728,d006,1989-12-09,9999-01-01
10939,d006,1997-12-11,9999-01-01
10422,d006,1997-09-30,9999-01-01
10471,d006,1990-11-18,9999-01-01
10874,d006,1997-12-28,9999-01-01
10138,d006,1992-03-03,9999-01-01
10307,d006,2000-01-21,9999-01-01
10736,d006,1991-09-26,9999-01-01
10250,d006,1992-08-30,9999-01-01
10041,d007,1989-11-12,9999-01-01
10089,d007,1989-01-10,9999-01-01
10256,d007,1985-10-12,9999-01-01
10493,d007,1998-10-29,9999-01-01
10559,d007,1999-04-05,9999-01-01
10314,d007,1986-01-16,9999-01-01
10561,d007,1997-06-30,9999-01-01
10596,d007,1996-05-23,9999-01-01
10862,d007,1985-07-23,9999-01-01
10924,d007,1988-08-14,9999-01-01
10299,d007,1990-01-10,9999-01-01
10509,d007,1992-10-06,9999-01-01
10754,d007,1988-01-11,9999-01-01
10095,d007,1994-03-10,9999-01-01
10458,d007,1994-07-05,9999-01-01
10209,d007,1999-08-07,9999-01-01
10226,d007,1996-01-29,9999-01-01
10454,d007,1989-04-16,9999-01-01
10490,d007,1992-11-22,9999-01-01
10710,d007,1995-07-09,9999-01-01
10957,d007,1990-10-01,9999-01-01
10965,d007,1986-07-29,9999-01-01
10981,d007,1992-07-07,9999-01-01
10407,d007,1999-10-30,9999-01-01
10427,d007,1994-10-03,9999-01-01
10521,d007,1989-05-11,9999-01-01
10725,d007,1990-09-08,9999-01-01
10399,d007,2000-01-26,9999-01-01
10254,d007,1990-06-14,9999-01-01
10996,d007,1990-02-07,9999-01-01
10889,d007,1987-08-11,9999-01-01
10061,d007,1989-12-02,9999-01-01
10185,d007,1986-03-01,9999-01-01
10151,d007,1992-12-12,9999-01-01
10178,d007,1994-03-21,9999-01-01
10807,d007,1999-10-19,9999-01-01
10002,d007,1996-08-03,9999-01-01
10408,d007,1998-10-07,9999-01-01
10600,d007,1992-04-27,9999-01-01
10375,d007,1994-05-29,9999-01-01
10398,d007,1990-10-12,9999-01-01
10517,d007,1990-12-25,9999-01-01
10537,d007,1996-09-25,9999-01-01
10705,d007,1990-07-18,9999-01-01
10536,d007,1988-10-07,9999-01-01
10857,d007,1990-04-04,9999-01-01
10016,d007,1998-02-11,9999-01-01
10638,d007,1994-11-10,9999-01-01
10767,d007,1997-07-15,9999-01-01
10906,d007,2001-04-25,9999-01-01
10468,d007,1991-05-28,9999-01-01
10692,d007,1993-03-22,9999-01-01
10998,d007,1996-08-07,9999-01-01
10960,d007,1995-07-07,9999-01-01
10369,d007,1994-09-05,9999-01-01
10533,d007,1990-08-17,9999-01-01
10923,d007,1990-04-09,9999-01-01
10160,d007,1993-12-06,9999-01-01
10270,d007,1991-09-26,9999-01-01
10291,d007,1987-03-30,9999-01-01
10306,d007,1993-09-06,9999-01-01
10448,d007,1992-03-12,9999-01-01
10670,d007,1988-03-23,9999-01-01
10273,d007,1985-11-06,9999-01-01
10619,d007,1993-04-09,9999-01-01
10499,d007,1998-03-16,9999-01-01
10640,d007,1992-12-04,9999-01-01
10804,d007,1997-06-09,9999-01-01
10955,d007,1986-09-27,9999-01-01
10968,d007,1985-08-11,9999-01-01
10319,d007,1994-06-18,9999-01-01
10400,d007,1993-10-17,9999-01-01
10411,d007,1989-09-02,9999-01-01
10148,d007,1996-07-15,9999-01-01
10296,d007,1989-09-16,9999-01-01
10330,d007,1993-10-08,9999-01-01
10331,d007,1986-10-29,9999-01-01
10573,d007,1999-08-20,9999-01-01
10232,d007,1992-06-04,9999-01-01
10236,d007,1996-08-30,9999-01-01
10243,d007,1986-06-07,9999-01-01
10248,d007,1991-08-13,9999-01-01
10461,d007,1987-08-03,9999-01-01
10655,d007,2000-11-22,9999-01-01
10050,d007,1992-11-05,9999-01-01
10093,d007,1997-06-08,9999-01-01
10444,d007,1994-10-23,9999-01-01
10068,d007,1987-08-07,9999-01-01
10215,d007,1991-11-23,9999-01-01
10633,d007,1997-05-16,9999-01-01
10878,d007,1997-04-25,9999-01-01
10603,d007,1995-07-20,9999-01-01
10813,d007,1990-04-27,9999-01-01
10814,d007,1993-07-17,9999-01-01
10361,d007,1986-10-23,9999-01-01
10370,d007,1992-04-18,9999-01-01
10388,d007,1999-05-28,9999-01-01
10455,d007,1995-02-19,9999-01-01
10597,d007,1990-04-01,9999-01-01
10788,d007,1998-05-29,9999-01-01
10214,d007,1988-02-29,9999-01-01
10355,d007,1996-01-26,9999-01-01
10417,d007,1999-06-27,9999-01-01
10463,d007,1994-02-17,9999-01-01
10532,d007,1986-05-18,9999-01-01
10890,d007,1990-03-10,9999-01-01
10568,d007,1995-07-08,9999-01-01
10832,d007,1986-10-11,9999-01-01
10292,d007,1989-06-05,9999-01-01
10378,d007,1992-08-31,9999-01-01
10539,d007,1990-06-05,9999-01-01
10616,d007,1996-11-07,9999-01-01
10864,d007,1986-09-25,9999-01-01
10107,d007,1999-03-30,9999-01-01
10592,d007,1993-09-27,9999-01-01
10380,d007,1985-03-19,9999-01-01
10795,d007,1993-05-03,9999-01-01
10962,d007,1986-12-16,9999-01-01
10262,d007,1996-01-22,9999-01-01
10277,d007,1985-06-16,9999-01-01
10855,d007,1997-03-02,9999-01-01
10953,d007,1987-02-12,9999-01-01
10199,d007,1998-02-07,9999-01-01
10431,d007,1987-10-08,9999-01-01
10053,d007,1994-11-13,9999-01-01
10308,d007,1992-12-29,9999-01-01
10504,d007,1999-10-19,9999-01-01
10897,d007,1986-04-09,9999-01-01
10099,d007,1988-10-18,9999-01-01
10810,d007,1994-09-07,9999-01-01
10104,d008,1987-04-16,9999-01-01
10687,d008,1990-03-13,9999-01-01
10738,d008,1992-01-06,9999-01-01
10847,d008,1986-07-25,9999-01-01
10230,d008,1996-06-16,9999-01-01
10546,d008,1991-04-14,9999-01-01
10634,d008,1994-04-02,9999-01-01
10851,d008,1994-11-21,9999-01-01
10708,d008,1999-11-09,9999-01-01
10007,d008,1989-02-10,9999-01-01
10172,d008,1998-10-01,9999-01-01
10356,d008,1995-06-26,9999-01-01
10040,d008,2002-01-22,9999-01-01
10423,d008,1999-05-27,9999-01-01
10168,d008,1986-12-06,9999-01-01
10762,d008,1992-01-21,9999-01-01
10794,d008,1994-05-24,9999-01-01
10336,d008,1996-09-27,9999-01-01
10544,d008,1995-04-29,9999-01-01
10019,d008,1999-04-30,9999-01-01
10846,d008,1997-04-03,9999-01-01
10476,d008,1987-09-20,9999-01-01
10557,d008,1994-08-25,9999-01-01
10651,d008,1996-01-08,9999-01-01
10347,d008,1998-02-20,9999-01-01
10052,d008,1997-01-31,9999-01-01
10114,d008,1992-07-17,9999-01-01
10182,d008,1999-01-05,9999-01-01
10709,d008,1988-02-21,9999-01-01
10440,d008,2000-01-30,9999-01-01
10203,d008,1989-04-06,9999-01-01
10590,d008,1986-04-09,9999-01-01
10285,d008,1995-05-25,9999-01-01
10469,d008,1992-12-26,9999-01-01
10488,d008,1996-11-18,9999-01-01
10585,d008,1994-08-24,9999-01-01
10070,d008,1995-10-18,9999-01-01
10704,d008,1995-02-17,9999-01-01
10805,d008,1987-05-26,9999-01-01
10982,d008,1989-11-11,9999-01-01
10097,d008,1990-09-15,9999-01-01
10313,d008,1994-10-10,9999-01-01
10326,d008,1998-09-02,9999-01-01
10216,d008,1987-10-30,9999-01-01
10249,d008,1998-04-13,9999-01-01
10251,d008,1992-06-25,9999-01-01
10569,d008,1987-03-13,9999-01-01
10046,d008,1992-06-20,9999-01-01
10623,d008,1996-02-11,9999-01-01
10141,d008,1998-07-23,9999-01-01
10238,d008,1996-05-25,9999-01-01
10836,d009,1991-07-01,9999-01-01
10049,d009,1992-05-04,9999-01-01
10088,d009,1992-03-21,9999-01-01
10335,d009,1999-11-07,9999-01-01
10421,d009,1990-04-07,9999-01-01
10510,d009,1992-09-21,9999-01-01
10789,d009,1998-01-26,9999-01-01
10184,d009,1997-12-26,9999-01-01
10771,d009,1996-04-01,9999-01-01
10871,d009,1999-06-16,9999-01-01
10775,d009,1999-03-17,9999-01-01
10779,d009,1988-01-11,9999-01-01
10279,d009,1999-07-11,9999-01-01
10432,d009,1990-08-13,9999-01-01
10693,d009,1986-01-08,9999-01-01
10430,d009,1999-07-17,9999-01-01
10841,d009,1992-01-22,9999-01-01
10038,d009,1989-09-20,9999-01-01
10535,d009,1991-08-22,9999-01-01
10183,d009,1996-08-11,9999-01-01
10231,d009,1998-09-09,9999-01-01
10816,d009,1991-05-22,9999-01-01
10334,d009,1998-02-15,9999-01-01
10614,d009,1997-02-27,9999-01-01
10225,d009,1995-12-14,9999-01-01
10781,d009,1991-02-04,9999-01-01
10176,d009,1994-12-22,9999-01-01
10735,d009,1985-10-29,9999-01-01
10128,d009,1988-06-06,9999-01-01
10453,d009,1985-04-02,9999-01-01
10580,d009,1991-03-02,9999-01-01
10733,d009,1996-02-20,9999-01-01
10817,d009,2000-01-24,9999-01-01
10669,d009,1996-11-17,9999-01-01
10112,d009,1998-05-01,9999-01-01
10060,d009,1992-11-11,9999-01-01
10154,d009,1996-10-23,9999-01-01
10465,d009,1994-12-11,9999-01-01
10926,d009,1992-11-04,9999-01-01
10975,d009,1997-01-14,9999-01-01
10387,d009,1994-01-07,9999-01-01
10646,d009,1996-01-31,9999-01-01
10721,d009,1999-07-15,9999-01-01
10126,d009,1985-09-08,9999-01-01
10338,d009,1999-12-29,9999-01-01
10667,d009,1999-07-28,9999-01-01
10164,d009,2000-05-31,9999-01-01
10701,d009,1989-10-07,9999-01-01
10946,d009,1996-10-26,9999-01-01
10947,d009,1995-11-16,9999-01-01
10137,d009,1985-02-18,9999-01-01
10697,d009,1999-08-29,9999-01-01
10910,d009,1989-09-02,9999-01-01
10210,d009,1996-02-24,9999-01-01
10349,d009,1991-09-28,9999-01-01
10412,d009,2000-05-19,9999-01-01
10682,d009,1990-11-09,9999-01-01
10954,d009,1995-12-14,9999-01-01
10903,d009,1989-02-14,9999-01-01
10213,d009,1994-10-06,9999-01-01
10649,d009,1998-06-23,9999-01-01